{
    "Counties": [
        {
            "County Name": "Autauga",
            "Cities": [
                "Autaugaville",
                "Billingsley",
                "Marbury",
                "Prattville",
                "Pine Level"
            ],
            "Timezone": {
                "Name": "Central",
                "Zone": "US/Central",
                "UTC_Offset": "-06:00"
            }
        },
        {
            "County Name": "Baldwin",
            "Cities": [
                "Bay Minette",
                "Daphne",
                "Fairhope",
                "Foley",
                "Gulf Shores",
                "Orange Beach",
                "Robertsdale",
                "Spanish Fort",
                "Elberta",
                "Lillian",
                "Magnolia Springs",
                "Perdido Beach",
                "Summerdale"
            ],
            "Timezone": {
                "Name": "Central",
                "Zone": "US/Central",
                "UTC_Offset": "-06:00"
            }
        },
        {
            "County Name": "Barbour",
            "Cities": [
                "Clayton",
                "Eufaula",
                "Louisville"
            ],
            "Timezone": {
                "Name": "Central",
                "Zone": "US/Central",
                "UTC_Offset": "-06:00"
            }
        },
        {
            "County Name": "Bibb",
            "Cities": [
                "Brent",
                "Centreville",
                "West Blocton"
            ],
            "Timezone": {
                "Name": "Central",
                "Zone": "US/Central",
                "UTC_Offset": "-06:00"
            }
        },
        {
            "County Name": "Blount",
            "Cities": [
                "Blountsville",
                "Cleveland",
                "Hayden",
                "Oneonta",
                "Snead"
            ],
            "Timezone": {
                "Name": "Central",
                "Zone": "US/Central",
                "UTC_Offset": "-06:00"
            }
        },
        {
            "County Name": "Bullock",
            "Cities": [
                "Union Springs"
            ],
            "Timezone": {
                "Name": "Central",
                "Zone": "US/Central",
                "UTC_Offset": "-06:00"
            }
        },
        {
            "County Name": "Butler",
            "Cities": [
                "Georgiana",
                "Greenville",
                "McKenzie"
            ],
            "Timezone": {
                "Name": "Central",
                "Zone": "US/Central",
                "UTC_Offset": "-06:00"
            }
        },
        {
            "County Name": "Calhoun",
            "Cities": [
                "Anniston",
                "Jacksonville",
                "Oxford",
                "Piedmont",
                "Hobson City"
            ],
            "Timezone": {
                "Name": "Central",
                "Zone": "US/Central",
                "UTC_Offset": "-06:00"
            }
        },
        {
            "County Name": "Chambers",
            "Cities": [
                "Cusseta",
                "LaFayette",
                "Lanett",
                "Valley"
            ],
            "Timezone": {
                "Name": "Eastern",
                "Zone": "US/Eastern",
                "UTC_Offset": "-05:00"
            }
        },
        {
            "County Name": "Cherokee",
            "Cities": [
                "Centre",
                "Leesburg",
                "Sand Rock",
                "Spring Garden",
                "Gaylesville"
            ],
            "Timezone": {
                "Name": "Central",
                "Zone": "US/Central",
                "UTC_Offset": "-06:00"
            }
        },
        {
            "County Name": "Chilton",
            "Cities": [
                "Clanton",
                "Jemison",
                "Maplesville",
                "Thorsby"
            ],
            "Timezone": {
                "Name": "Central",
                "Zone": "US/Central",
                "UTC_Offset": "-06:00"
            }
        },
        {
            "County Name": "Choctaw",
            "Cities": [
                "Butler",
                "Lisman",
                "Silas",
                "Toxey"
            ],
            "Timezone": {
                "Name": "Central",
                "Zone": "US/Central",
                "UTC_Offset": "-06:00"
            }
        },
        {
            "County Name": "Clarke",
            "Cities": [
                "Coffeeville",
                "Grove Hill",
                "Jackson",
                "Thomasville"
            ],
            "Timezone": {
                "Name": "Central",
                "Zone": "US/Central",
                "UTC_Offset": "-06:00"
            }
        },
        {
            "County Name": "Clay",
            "Cities": [
                "Ashland",
                "Delta",
                "Lineville"
            ],
            "Timezone": {
                "Name": "Central",
                "Zone": "US/Central",
                "UTC_Offset": "-06:00"
            }
        },
        {
            "County Name": "Cleburne",
            "Cities": [
                "Edwardsville",
                "Heflin",
                "Ranburne"
            ],
            "Timezone": {
                "Name": "Central",
                "Zone": "US/Central",
                "UTC_Offset": "-06:00"
            }
        },
        {
            "County Name": "Coffee",
            "Cities": [
                "Elba",
                "Enterprise",
                "New Brockton"
            ],
            "Timezone": {
                "Name": "Central",
                "Zone": "US/Central",
                "UTC_Offset": "-06:00"
            }
        },
        {
            "County Name": "Colbert",
            "Cities": [
                "Leighton",
                "Muscle Shoals",
                "Sheffield",
                "Tuscumbia"
            ],
            "Timezone": {
                "Name": "Central",
                "Zone": "US/Central",
                "UTC_Offset": "-06:00"
            }
        },
        {
            "County Name": "Conecuh",
            "Cities": [
                "Evergreen",
                "Repton"
            ],
            "Timezone": {
                "Name": "Central",
                "Zone": "US/Central",
                "UTC_Offset": "-06:00"
            }
        },
        {
            "County Name": "Coosa",
            "Cities": [
                "Goodwater",
                "Rockford"
            ],
            "Timezone": {
                "Name": "Central",
                "Zone": "US/Central",
                "UTC_Offset": "-06:00"
            }
        },
        {
            "County Name": "Covington",
            "Cities": [
                "Andalusia",
                "Florala",
                "Lockhart",
                "Opp"
            ],
            "Timezone": {
                "Name": "Central",
                "Zone": "US/Central",
                "UTC_Offset": "-06:00"
            }
        },
        {
            "County Name": "Crenshaw",
            "Cities": [
                "Brantley",
                "Luverne"
            ],
            "Timezone": {
                "Name": "Central",
                "Zone": "US/Central",
                "UTC_Offset": "-06:00"
            }
        },
        {
            "County Name": "Cullman",
            "Cities": [
                "Cullman",
                "Arab",
                "Good Hope",
                "Hanceville",
                "Holly Pond",
                "South Vinemont",
                "West Point"
            ],
            "Timezone": {
                "Name": "Central",
                "Zone": "US/Central",
                "UTC_Offset": "-06:00"
            }
        },
        {
            "County Name": "Dale",
            "Cities": [
                "Daleville",
                "Grimes",
                "Midland City",
                "Newton",
                "Ozark"
            ],
            "Timezone": {
                "Name": "Central",
                "Zone": "US/Central",
                "UTC_Offset": "-06:00"
            }
        },
        {
            "County Name": "Dallas",
            "Cities": [
                "Marion",
                "Selma"
            ],
            "Timezone": {
                "Name": "Central",
                "Zone": "US/Central",
                "UTC_Offset": "-06:00"
            }
        },
        {
            "County Name": "DeKalb",
            "Cities": [
                "Fort Payne",
                "Collinsville",
                "Crossville",
                "Fyffe",
                "Geraldine",
                "Hammondville",
                "Henagar",
                "Ider",
                "Rainsville",
                "Valley Head"
            ],
            "Timezone": {
                "Name": "Central",
                "Zone": "US/Central",
                "UTC_Offset": "-06:00"
            }
        },
        {
            "County Name": "Elmore",
            "Cities": [
                "Coosada",
                "Eclectic",
                "Millbrook",
                "Tallassee",
                "Wetumpka"
            ],
            "Timezone": {
                "Name": "Central",
                "Zone": "US/Central",
                "UTC_Offset": "-06:00"
            }
        },
        {
            "County Name": "Escambia",
            "Cities": [
                "Atmore",
                "Brewton",
                "East Brewton"
            ],
            "Timezone": {
                "Name": "Central",
                "Zone": "US/Central",
                "UTC_Offset": "-06:00"
            }
        },
        {
            "County Name": "Etowah",
            "Cities": [
                "Attalla",
                "Gadsden",
                "Glencoe",
                "Hokes Bluff",
                "Mountainboro",
                "Rainbow City",
                "Reece City",
                "Ridgeville",
                "Southside",
                "Walnut Grove"
            ],
            "Timezone": {
                "Name": "Central",
                "Zone": "US/Central",
                "UTC_Offset": "-06:00"
            }
        },
        {
            "County Name": "Fayette",
            "Cities": [
                "Fayette",
                "Glen Allen"
            ],
            "Timezone": {
                "Name": "Central",
                "Zone": "US/Central",
                "UTC_Offset": "-06:00"
            }
        },
        {
            "County Name": "Franklin",
            "Cities": [
                "Red Bay",
                "Russellville",
                "Vina"
            ],
            "Timezone": {
                "Name": "Central",
                "Zone": "US/Central",
                "UTC_Offset": "-06:00"
            }
        },
        {
            "County Name": "Geneva",
            "Cities": [
                "Black",
                "Coffee Springs",
                "Geneva",
                "Hartford",
                "Malvern",
                "Samson",
                "Slocomb"
            ],
            "Timezone": {
                "Name": "Central",
                "Zone": "US/Central",
                "UTC_Offset": "-06:00"
            }
        },
        {
            "County Name": "Greene",
            "Cities": [
                "Boligee",
                "Eutaw"
            ],
            "Timezone": {
                "Name": "Central",
                "Zone": "US/Central",
                "UTC_Offset": "-06:00"
            }
        },
        {
            "County Name": "Hale",
            "Cities": [
                "Akron",
                "Greensboro",
                "Moundville"
            ],
            "Timezone": {
                "Name": "Central",
                "Zone": "US/Central",
                "UTC_Offset": "-06:00"
            }
        },
        {
            "County Name": "Henry",
            "Cities": [
                "Abbeville",
                "Haleburg",
                "Headland",
                "Newville"
            ],
            "Timezone": {
                "Name": "Central",
                "Zone": "US/Central",
                "UTC_Offset": "-06:00"
            }
        },
        {
            "County Name": "Houston",
            "Cities": [
                "Ashford",
                "Columbia",
                "Cottonwood",
                "Cowarts",
                "Dothan",
                "Gordon",
                "Kinsey",
                "Rehobeth",
                "Taylor",
                "Webb"
            ],
            "Timezone": {
                "Name": "Central",
                "Zone": "US/Central",
                "UTC_Offset": "-06:00"
            }
        },
        {
            "County Name": "Jackson",
            "Cities": [
                "Bridgeport",
                "Dutton",
                "Hollywood",
                "Paint Rock",
                "Scottsboro",
                "Section",
                "Skyline",
                "Stevenson",
                "Woodville"
            ],
            "Timezone": {
                "Name": "Central",
                "Zone": "US/Central",
                "UTC_Offset": "-06:00"
            }
        },
        {
            "County Name": "Jefferson",
            "Cities": [
                "Birmingham",
                "Bessemer",
                "Brighton",
                "Brookside",
                "Center Point",
                "Clay",
                "Concord",
                "Cordova",
                "County Line",
                "Dora",
                "Fairfield",
                "Fultondale",
                "Gardendale",
                "Graysville",
                "Helena",
                "Hoover",
                "Hueytown",
                "Irondale",
                "Kimberly",
                "Leeds",
                "Lipscomb",
                "Midfield",
                "Mountain Brook",
                "Mulga",
                "Oak Grove",
                "Pinson",
                "Pleasant Grove",
                "Quinton",
                "Sumiton",
                "Trussville",
                "Tarrant",
                "Vestavia Hills",
                "Warrior",
                "West Jefferson"
            ],
            "Timezone": {
                "Name": "Central",
                "Zone": "US/Central",
                "UTC_Offset": "-06:00"
            }
        },
        {
            "County Name": "Lamar",
            "Cities": [
                "Sulligent",
                "Vernon",
                "Millport"
            ],
            "Timezone": {
                "Name": "Central",
                "Zone": "US/Central",
                "UTC_Offset": "-06:00"
            }
        },
        {
            "County Name": "Lauderdale",
            "Cities": [
                "Florence",
                "Killen",
                "Rogersville",
                "Waterloo"
            ],
            "Timezone": {
                "Name": "Central",
                "Zone": "US/Central",
                "UTC_Offset": "-06:00"
            }
        },
        {
            "County Name": "Lawrence",
            "Cities": [
                "Courtland",
                "Hillsboro",
                "Moulton",
                "Town Creek"
            ],
            "Timezone": {
                "Name": "Central",
                "Zone": "US/Central",
                "UTC_Offset": "-06:00"
            }
        },
        {
            "County Name": "Lee",
            "Cities": [
                "Auburn",
                "Opelika",
                "Loachapoka",
                "Smiths Station",
                "Salem"
            ],
            "Timezone": {
                "Name": "Central",
                "Zone": "US/Central",
                "UTC_Offset": "-06:00"
            }
        },
        {
            "County Name": "Limestone",
            "Cities": [
                "Ardmore",
                "Athens",
                "Lester",
                "Mooresville"
            ],
            "Timezone": {
                "Name": "Central",
                "Zone": "US/Central",
                "UTC_Offset": "-06:00"
            }
        },
        {
            "County Name": "Lowndes",
            "Cities": [
                "Hayneville",
                "Fort Deposit"
            ],
            "Timezone": {
                "Name": "Central",
                "Zone": "US/Central",
                "UTC_Offset": "-06:00"
            }
        },
        {
            "County Name": "Macon",
            "Cities": [
                "Notasulga",
                "Shorter",
                "Tuskegee"
            ],
            "Timezone": {
                "Name": "Central",
                "Zone": "US/Central",
                "UTC_Offset": "-06:00"
            }
        },
        {
            "County Name": "Madison",
            "Cities": [
                "Huntsville",
                "Madison",
                "Triana",
                "Gurley",
                "Harvest",
                "Meridianville",
                "Monrovia",
                "New Hope",
                "Owens Cross Roads",
                "Redstone Arsenal"
            ],
            "Timezone": {
                "Name": "Central",
                "Zone": "US/Central",
                "UTC_Offset": "-06:00"
            }
        },
        {
            "County Name": "Marengo",
            "Cities": [
                "Demopolis",
                "Linden",
                "Sweet Water"
            ],
            "Timezone": {
                "Name": "Central",
                "Zone": "US/Central",
                "UTC_Offset": "-06:00"
            }
        },
        {
            "County Name": "Marion",
            "Cities": [
                "Bear Creek",
                "Brilliant",
                "Guin",
                "Hamilton",
                "Hackleburg",
                "Winfield"
            ],
            "Timezone": {
                "Name": "Central",
                "Zone": "US/Central",
                "UTC_Offset": "-06:00"
            }
        },
        {
            "County Name": "Marshall",
            "Cities": [
                "Albertville",
                "Arab",
                "Boaz",
                "Douglas",
                "Guntersville",
                "Union Grove"
            ],
            "Timezone": {
                "Name": "Central",
                "Zone": "US/Central",
                "UTC_Offset": "-06:00"
            }
        },
        {
            "County Name": "Mobile",
            "Cities": [
                "Mobile",
                "Bayou La Batre",
                "Chickasaw",
                "Citronelle",
                "Creola",
                "Dauphin Island",
                "Mount Vernon",
                "Prichard",
                "Saraland",
                "Satsuma",
                "Semmes",
                "Theodore",
                "Tillmans Corner"
            ],
            "Timezone": {
                "Name": "Central",
                "Zone": "US/Central",
                "UTC_Offset": "-06:00"
            }
        },
        {
            "County Name": "Monroe",
            "Cities": [
                "Beatrice",
                "Excel",
                "Frisco City",
                "Monroeville",
                "Vredenburgh"
            ],
            "Timezone": {
                "Name": "Central",
                "Zone": "US/Central",
                "UTC_Offset": "-06:00"
            }
        },
        {
            "County Name": "Montgomery",
            "Cities": [
                "Montgomery",
                "Pike Road",
                "Hope Hull"
            ],
            "Timezone": {
                "Name": "Central",
                "Zone": "US/Central",
                "UTC_Offset": "-06:00"
            }
        },
        {
            "County Name": "Morgan",
            "Cities": [
                "Decatur",
                "Hartselle",
                "Priceville",
                "Somerville",
                "Trinity"
            ],
            "Timezone": {
                "Name": "Central",
                "Zone": "US/Central",
                "UTC_Offset": "-06:00"
            }
        },
        {
            "County Name": "Perry",
            "Cities": [
                "Marion",
                "Uniontown"
            ],
            "Timezone": {
                "Name": "Central",
                "Zone": "US/Central",
                "UTC_Offset": "-06:00"
            }
        },
        {
            "County Name": "Pickens",
            "Cities": [
                "Carrollton",
                "Ethelsville",
                "Gordo",
                "Pickensville",
                "Reform"
            ],
            "Timezone": {
                "Name": "Central",
                "Zone": "US/Central",
                "UTC_Offset": "-06:00"
            }
        },
        {
            "County Name": "Pike",
            "Cities": [
                "Banks",
                "Brundidge",
                "Troy"
            ],
            "Timezone": {
                "Name": "Central",
                "Zone": "US/Central",
                "UTC_Offset": "-06:00"
            }
        },
        {
            "County Name": "Randolph",
            "Cities": [
                "Wedowee",
                "Roanoke",
                "Lineville"
            ],
            "Timezone": {
                "Name": "Central",
                "Zone": "US/Central",
                "UTC_Offset": "-06:00"
            }
        },
        {
            "County Name": "Russell",
            "Cities": [
                "Phenix City",
                "Hurtsboro"
            ],
            "Timezone": {
                "Name": "Eastern",
                "Zone": "US/Eastern",
                "UTC_Offset": "-05:00"
            }
        },
        {
            "County Name": "St. Clair",
            "Cities": [
                "Ashville",
                "Leeds",
                "Margaret",
                "Moody",
                "Odenville",
                "Pell City",
                "Ragland",
                "Springville",
                "Steele"
            ],
            "Timezone": {
                "Name": "Central",
                "Zone": "US/Central",
                "UTC_Offset": "-06:00"
            }
        },
        {
            "County Name": "Shelby",
            "Cities": [
                "Alabaster",
                "Calera",
                "Chelsea",
                "Columbiana",
                "Helena",
                "Hoover",
                "Indian Springs Village",
                "Montevallo",
                "Pelham",
                "Vincent",
                "Wilsonville"
            ],
            "Timezone": {
                "Name": "Central",
                "Zone": "US/Central",
                "UTC_Offset": "-06:00"
            }
        },
        {
            "County Name": "Sumter",
            "Cities": [
                "Bellamy",
                "Epes",
                "Geiger",
                "Livingston",
                "York"
            ],
            "Timezone": {
                "Name": "Central",
                "Zone": "US/Central",
                "UTC_Offset": "-06:00"
            }
        },
        {
            "County Name": "Talladega",
            "Cities": [
                "Childersburg",
                "Lincoln",
                "Munford",
                "Oak Grove",
                "Oxford",
                "Sylacauga",
                "Talladega"
            ],
            "Timezone": {
                "Name": "Central",
                "Zone": "US/Central",
                "UTC_Offset": "-06:00"
            }
        },
        {
            "County Name": "Tallapoosa",
            "Cities": [
                "Alexander City",
                "Dadeville",
                "Jacksons Gap"
            ],
            "Timezone": {
                "Name": "Central",
                "Zone": "US/Central",
                "UTC_Offset": "-06:00"
            }
        },
        {
            "County Name": "Tuscaloosa",
            "Cities": [
                "Tuscaloosa",
                "Northport",
                "Brookwood",
                "Coaling",
                "Cottondale",
                "Coker",
                "Lake View",
                "Moundville",
                "Vance"
            ],
            "Timezone": {
                "Name": "Central",
                "Zone": "US/Central",
                "UTC_Offset": "-06:00"
            }
        },
        {
            "County Name": "Walker",
            "Cities": [
                "Carbon Hill",
                "Cordova",
                "Dora",
                "Jasper",
                "Oakman",
                "Parrish",
                "Sumiton"
            ],
            "Timezone": {
                "Name": "Central",
                "Zone": "US/Central",
                "UTC_Offset": "-06:00"
            }
        },
        {
            "County Name": "Washington",
            "Cities": [
                "Chatom",
                "Fruitdale",
                "Millry",
                "McIntosh",
                "Wagarville"
            ],
            "Timezone": {
                "Name": "Central",
                "Zone": "US/Central",
                "UTC_Offset": "-06:00"
            }
        },
        {
            "County Name": "Wilcox",
            "Cities": [
                "Camden",
                "Pine Apple",
                "Gastonburg"
            ],
            "Timezone": {
                "Name": "Central",
                "Zone": "US/Central",
                "UTC_Offset": "-06:00"
            }
        },
        {
            "County Name": "Winston",
            "Cities": [
                "Addison",
                "Arley",
                "Double Springs",
                "Haleyville",
                "Lynn",
                "Natural Bridge"
            ],
            "Timezone": {
                "Name": "Central",
                "Zone": "US/Central",
                "UTC_Offset": "-06:00"
            }
        }
    ],
    "website": "https://www.mydripnurse.com",
    "ownerName": "Keishla",
    "ownerLastName": "Caraballo",
    "phone": "9392749203",
    "email": "keyla03@live.com",
    "twilio": {
        "sid": "secret",
        "authToken": "secret"
    },
    "mailgun": {
        "apiKey": "secret",
        "domain": "secret"
    },
    "customValues": {
        "businessInformation": {
            "favicon": "https://storage.googleapis.com/msgsndr/vMfl1L5xb2wJfNFNW5fb/media/656c2a9fe33f7c575831e093.png",
            "businessPhone": ""
        },
        "ivTherapyPrice": {
            "myersCocktailPrice": "299",
            "alleviatePrice": "219",
            "brainStormPrice": "199",
            "getLeanPrice": "179",
            "immunityDefensePrice": "279",
            "immunityDefenseAndGlutathionePrice": "299",
            "hangoverPrice": "219",
            "hydratePrice": "219",
            "nadPrice": "599",
            "nadBoostPrice": "797",
            "recoveryPerformancePrice": "219",
            "theGlowPrice": "199"
        },
        "vitaminPrice": {
            "vitaminD3": "100",
            "bComplex": "70",
            "biotin": "75",
            "vitaminC": "70",
            "aminoBlend": "80",
            "glutathione": "90",
            "lipoMino": "120",
            "triImmuneBoost": "120",
            "vitaminB12": "70",
            "ondansetron": "70"
        },
        "facebook": {
            "accessToken": "secret",
            "facebookPixel": "secret",
            "instagramUrl": "https://www.instagram.com/mydripnurse/",
            "facebookUrl": "https://www.facebook.com/MyDripNurse"
        }
    },
    "businessInformation": {
        "snapshotId": "secret",
        "companyId": "secret"
    }
}