{
    "Counties": [
        {
            "County Name": "Adams",
            "Cities": [
                "Camp Point",
                "Clayton",
                "Columbus",
                "Liberty",
                "Lima",
                "Mendon",
                "Quincy"
            ],
            "Timezone": {
                "Name": "Central",
                "Zone": "US/Central",
                "UTC_Offset": "-06:00"
            }
        },
        {
            "County Name": "Alexander",
            "Cities": [
                "Cairo",
                "Mounds",
                "Thebes",
                "Tamms"
            ],
            "Timezone": {
                "Name": "Central",
                "Zone": "US/Central",
                "UTC_Offset": "-06:00"
            }
        },
        {
            "County Name": "Bond",
            "Cities": [
                "Greenville",
                "Mulberry Grove",
                "Pocahontas",
                "Smithboro",
                "Sorento"
            ],
            "Timezone": {
                "Name": "Central",
                "Zone": "US/Central",
                "UTC_Offset": "-06:00"
            }
        },
        {
            "County Name": "Boone",
            "Cities": [
                "Belvidere"
            ],
            "Timezone": {
                "Name": "Central",
                "Zone": "US/Central",
                "UTC_Offset": "-06:00"
            }
        },
        {
            "County Name": "Brown",
            "Cities": [
                "Mount Sterling"
            ],
            "Timezone": {
                "Name": "Central",
                "Zone": "US/Central",
                "UTC_Offset": "-06:00"
            }
        },
        {
            "County Name": "Bureau",
            "Cities": [
                "Arlington",
                "Atkinson",
                "Cherry",
                "Dalzell",
                "Depue",
                "Hennepin",
                "Ladd",
                "La Moille",
                "Malden",
                "Manlius",
                "Mineral",
                "Neponset",
                "Ohio",
                "Princeton",
                "Sheffield",
                "Spring Valley",
                "Tiskilwa",
                "Wyanet"
            ],
            "Timezone": {
                "Name": "Central",
                "Zone": "US/Central",
                "UTC_Offset": "-06:00"
            }
        },
        {
            "County Name": "Calhoun",
            "Cities": [
                "Batchtown",
                "Brussels",
                "Hamburg",
                "Hardin",
                "Kampsville"
            ],
            "Timezone": {
                "Name": "Central",
                "Zone": "US/Central",
                "UTC_Offset": "-06:00"
            }
        },
        {
            "County Name": "Carroll",
            "Cities": [
                "Chadwick",
                "Lanark",
                "Mount Carroll",
                "Savanna",
                "Shannon"
            ],
            "Timezone": {
                "Name": "Central",
                "Zone": "US/Central",
                "UTC_Offset": "-06:00"
            }
        },
        {
            "County Name": "Cass",
            "Cities": [
                "Ashland",
                "Beardstown",
                "Chandlerville",
                "Virginia"
            ],
            "Timezone": {
                "Name": "Central",
                "Zone": "US/Central",
                "UTC_Offset": "-06:00"
            }
        },
        {
            "County Name": "Champaign",
            "Cities": [
                "Bondville",
                "Champaign",
                "Fisher",
                "Homer",
                "Mahomet",
                "Rantoul",
                "Savoy",
                "St. Joseph",
                "Tolono",
                "Urbana"
            ],
            "Timezone": {
                "Name": "Central",
                "Zone": "US/Central",
                "UTC_Offset": "-06:00"
            }
        },
        {
            "County Name": "Christian",
            "Cities": [
                "Assumption",
                "Edinburg",
                "Kincaid",
                "Morrisonville",
                "Pana",
                "Stonington",
                "Taylorville"
            ],
            "Timezone": {
                "Name": "Central",
                "Zone": "US/Central",
                "UTC_Offset": "-06:00"
            }
        },
        {
            "County Name": "Clark",
            "Cities": [
                "Casey",
                "Martinsville"
            ],
            "Timezone": {
                "Name": "Central",
                "Zone": "US/Central",
                "UTC_Offset": "-06:00"
            }
        },
        {
            "County Name": "Clay",
            "Cities": [
                "Flora",
                "Louisville",
                "Xenia"
            ],
            "Timezone": {
                "Name": "Central",
                "Zone": "US/Central",
                "UTC_Offset": "-06:00"
            }
        },
        {
            "County Name": "Clinton",
            "Cities": [
                "Aviston",
                "Beckemeyer",
                "Breese",
                "Carlyle",
                "Germantown",
                "Hoffman",
                "New Baden",
                "St. Rose",
                "Trenton"
            ],
            "Timezone": {
                "Name": "Central",
                "Zone": "US/Central",
                "UTC_Offset": "-06:00"
            }
        },
        {
            "County Name": "Coles",
            "Cities": [
                "Ashmore",
                "Charleston",
                "Mattoon",
                "Oakland"
            ],
            "Timezone": {
                "Name": "Central",
                "Zone": "US/Central",
                "UTC_Offset": "-06:00"
            }
        },
        {
            "County Name": "Cook",
            "Cities": [
                "Chicago",
                "Berwyn",
                "Cicero",
                "Oak Park",
                "Evanston",
                "Skokie",
                "Des Plaines",
                "Arlington Heights",
                "Palatine",
                "Schaumburg",
                "Elk Grove Village",
                "Mount Prospect",
                "Rolling Meadows",
                "Park Ridge",
                "Niles",
                "Morton Grove",
                "Wilmette",
                "Winnetka",
                "Glencoe",
                "Northbrook",
                "Glenview",
                "Hoffman Estates",
                "Oak Lawn",
                "Evergreen Park",
                "Blue Island",
                "Calumet City",
                "Dolton",
                "Harvey",
                "Markham",
                "Maywood",
                "Melrose Park",
                "Bellwood",
                "Forest Park",
                "River Forest",
                "La Grange",
                "La Grange Park",
                "Western Springs",
                "Hinsdale",
                "Burr Ridge",
                "Brookfield",
                "Lyons",
                "Stickney",
                "Summit",
                "Justice",
                "Bridgeview",
                "Burbank",
                "Chicago Ridge",
                "Worth",
                "Alsip",
                "Homewood",
                "Flossmoor",
                "Hazel Crest",
                "Country Club Hills",
                "Olympia Fields",
                "Richton Park",
                "Matteson",
                "Tinley Park",
                "Orland Park",
                "Palos Hills",
                "Palos Heights",
                "Palos Park"
            ],
            "Timezone": {
                "Name": "Central",
                "Zone": "US/Central",
                "UTC_Offset": "-06:00"
            }
        },
        {
            "County Name": "Edgar",
            "Cities": [
                "Brocton",
                "Chrisman",
                "Hume",
                "Metcalf",
                "Paris"
            ],
            "Timezone": {
                "Name": "Central",
                "Zone": "US/Central",
                "UTC_Offset": "-06:00"
            }
        },
        {
            "County Name": "Edwards",
            "Cities": [
                "Albion",
                "Bone Gap",
                "Ellery",
                "West Salem"
            ],
            "Timezone": {
                "Name": "Central",
                "Zone": "US/Central",
                "UTC_Offset": "-06:00"
            }
        },
        {
            "County Name": "Effingham",
            "Cities": [
                "Altamont",
                "Beecher City",
                "Dieterich",
                "Effingham",
                "Mason",
                "Montrose",
                "Shumway",
                "Teutopolis"
            ],
            "Timezone": {
                "Name": "Central",
                "Zone": "US/Central",
                "UTC_Offset": "-06:00"
            }
        },
        {
            "County Name": "Fayette",
            "Cities": [
                "Brownstown",
                "Farina",
                "Ramsey",
                "St. Elmo",
                "Vandalia"
            ],
            "Timezone": {
                "Name": "Central",
                "Zone": "US/Central",
                "UTC_Offset": "-06:00"
            }
        },
        {
            "County Name": "Ford",
            "Cities": [
                "Elliott",
                "Gibson City",
                "Melvin",
                "Paxton"
            ],
            "Timezone": {
                "Name": "Central",
                "Zone": "US/Central",
                "UTC_Offset": "-06:00"
            }
        },
        {
            "County Name": "Franklin",
            "Cities": [
                "Benton",
                "Buckner",
                "Christopher",
                "Ewing",
                "Royalton",
                "Sesser",
                "Thompsonville",
                "West Frankfort",
                "Zeigler"
            ],
            "Timezone": {
                "Name": "Central",
                "Zone": "US/Central",
                "UTC_Offset": "-06:00"
            }
        },
        {
            "County Name": "Fulton",
            "Cities": [
                "Astoria",
                "Avon",
                "Banner",
                "Bryant",
                "Canton",
                "Cuba",
                "Dunfermline",
                "Ellisville",
                "Fairview",
                "Farmington",
                "Ipava",
                "Lewistown",
                "Liverpool",
                "London Mills",
                "Marietta",
                "Norwich",
                "Saint David",
                "Smithfield",
                "Table Grove",
                "Vermont"
            ],
            "Timezone": {
                "Name": "Central",
                "Zone": "US/Central",
                "UTC_Offset": "-06:00"
            }
        },
        {
            "County Name": "Gallatin",
            "Cities": [
                "Equality",
                "Junction",
                "New Haven",
                "Ridgway",
                "Shawneetown"
            ],
            "Timezone": {
                "Name": "Central",
                "Zone": "US/Central",
                "UTC_Offset": "-06:00"
            }
        },
        {
            "County Name": "Greene",
            "Cities": [
                "Carrollton",
                "Greenfield",
                "Hillview",
                "Kane",
                "Rockbridge",
                "White Hall",
                "Wrightsville"
            ],
            "Timezone": {
                "Name": "Central",
                "Zone": "US/Central",
                "UTC_Offset": "-06:00"
            }
        },
        {
            "County Name": "Grundy",
            "Cities": [
                "Braceville",
                "Coal City",
                "Diamond",
                "Gardner",
                "Mazon",
                "Minooka",
                "Morris",
                "South Wilmington"
            ],
            "Timezone": {
                "Name": "Central",
                "Zone": "US/Central",
                "UTC_Offset": "-06:00"
            }
        },
        {
            "County Name": "Hamilton",
            "Cities": [
                "Broughton",
                "Dahlgren",
                "McLeansboro"
            ],
            "Timezone": {
                "Name": "Central",
                "Zone": "US/Central",
                "UTC_Offset": "-06:00"
            }
        },
        {
            "County Name": "Hancock",
            "Cities": [
                "Augusta",
                "Carthage",
                "Dallas City",
                "Elvaston",
                "Hamilton",
                "La Harpe",
                "Nauvoo",
                "Pontoosuc",
                "Warsaw"
            ],
            "Timezone": {
                "Name": "Central",
                "Zone": "US/Central",
                "UTC_Offset": "-06:00"
            }
        },
        {
            "County Name": "Hardin",
            "Cities": [
                "Elizabethtown",
                "Rosiclare"
            ],
            "Timezone": {
                "Name": "Central",
                "Zone": "US/Central",
                "UTC_Offset": "-06:00"
            }
        },
        {
            "County Name": "Henderson",
            "Cities": [
                "Biggsville",
                "Carman",
                "Gladstone",
                "Media",
                "Oquawka",
                "Stronghurst"
            ],
            "Timezone": {
                "Name": "Central",
                "Zone": "US/Central",
                "UTC_Offset": "-06:00"
            }
        },
        {
            "County Name": "Henry",
            "Cities": [
                "Andover",
                "Annawan",
                "Atkinson",
                "Cambridge",
                "Colona",
                "Galva",
                "Geneseo",
                "Kewanee",
                "Lynn Center",
                "Orion",
                "Osco",
                "Woodhull"
            ],
            "Timezone": {
                "Name": "Central",
                "Zone": "US/Central",
                "UTC_Offset": "-06:00"
            }
        },
        {
            "County Name": "Iroquois",
            "Cities": [
                "Ashkum",
                "Beaverville",
                "Buckley",
                "Chebanse",
                "Cissna Park",
                "Clifton",
                "Crescent City",
                "Donovan",
                "Gilman",
                "Iroquois",
                "Loda",
                "Martinton",
                "Milford",
                "Onarga",
                "Papineau",
                "Sheldon",
                "Stockland",
                "Thawville",
                "Watseka",
                "Woodland"
            ],
            "Timezone": {
                "Name": "Central",
                "Zone": "US/Central",
                "UTC_Offset": "-06:00"
            }
        },
        {
            "County Name": "Jackson",
            "Cities": [
                "Ava",
                "Campbell Hill",
                "Carbondale",
                "De Soto",
                "Dowell",
                "Elkville",
                "Grand Tower",
                "Makanda",
                "Murphysboro",
                "Vergennes"
            ],
            "Timezone": {
                "Name": "Central",
                "Zone": "US/Central",
                "UTC_Offset": "-06:00"
            }
        },
        {
            "County Name": "Jasper",
            "Cities": [
                "Hidalgo",
                "Newton",
                "Ste. Marie"
            ],
            "Timezone": {
                "Name": "Central",
                "Zone": "US/Central",
                "UTC_Offset": "-06:00"
            }
        },
        {
            "County Name": "Jefferson",
            "Cities": [
                "Belle Rive",
                "Bluford",
                "Dix",
                "Ina",
                "Mount Vernon",
                "Opdyke",
                "Waltonville",
                "Woodlawn"
            ],
            "Timezone": {
                "Name": "Central",
                "Zone": "US/Central",
                "UTC_Offset": "-06:00"
            }
        },
        {
            "County Name": "Jersey",
            "Cities": [
                "Elsah",
                "Fidelity",
                "Grafton",
                "Jerseyville"
            ],
            "Timezone": {
                "Name": "Central",
                "Zone": "US/Central",
                "UTC_Offset": "-06:00"
            }
        },
        {
            "County Name": "Jo Daviess",
            "Cities": [
                "Apple River",
                "East Dubuque",
                "Elizabeth",
                "Galena",
                "Hanover",
                "Menominee",
                "Nora",
                "Scales Mound",
                "Stockton",
                "Warren"
            ],
            "Timezone": {
                "Name": "Central",
                "Zone": "US/Central",
                "UTC_Offset": "-06:00"
            }
        },
        {
            "County Name": "Johnson",
            "Cities": [
                "Belknap",
                "Buncombe",
                "Goreville",
                "New Burnside",
                "Simpson",
                "Vienna"
            ],
            "Timezone": {
                "Name": "Central",
                "Zone": "US/Central",
                "UTC_Offset": "-06:00"
            }
        },
        {
            "County Name": "Kane",
            "Cities": [
                "Algonquin",
                "Aurora",
                "Batavia",
                "Big Rock",
                "Burlington",
                "Carpentersville",
                "East Dundee",
                "Elburn",
                "Geneva",
                "Gilberts",
                "Hampshire",
                "Huntley",
                "Maple Park",
                "Montgomery",
                "North Aurora",
                "Pingree Grove",
                "South Elgin",
                "St. Charles",
                "Sugar Grove",
                "West Dundee"
            ],
            "Timezone": {
                "Name": "Central",
                "Zone": "US/Central",
                "UTC_Offset": "-06:00"
            }
        },
        {
            "County Name": "Kankakee",
            "Cities": [
                "Aroma Park",
                "Bonfield",
                "Bradley",
                "Bourbonnais",
                "Buckingham",
                "Cabery",
                "Chebanse",
                "Grant Park",
                "Herscher",
                "Hopkins Park",
                "Kankakee",
                "Manteno",
                "Momence",
                "Papineau",
                "St. Anne",
                "Union Hill"
            ],
            "Timezone": {
                "Name": "Central",
                "Zone": "US/Central",
                "UTC_Offset": "-06:00"
            }
        },
        {
            "County Name": "Kendall",
            "Cities": [
                "Bristol",
                "Millbrook",
                "Minooka",
                "Montgomery",
                "Newark",
                "Oswego",
                "Plano",
                "Yorkville"
            ],
            "Timezone": {
                "Name": "Central",
                "Zone": "US/Central",
                "UTC_Offset": "-06:00"
            }
        },
        {
            "County Name": "Knox",
            "Cities": [
                "Abingdon",
                "Altona",
                "Dahinda",
                "East Galesburg",
                "Galesburg",
                "Henderson",
                "Knoxville",
                "Maquon",
                "Oneida",
                "Wataga",
                "Williamsfield"
            ],
            "Timezone": {
                "Name": "Central",
                "Zone": "US/Central",
                "UTC_Offset": "-06:00"
            }
        },
        {
            "County Name": "Lake",
            "Cities": [
                "Antioch",
                "Bannockburn",
                "Barrington",
                "Buffalo Grove",
                "Deerfield",
                "Fox Lake",
                "Gages Lake",
                "Grayslake",
                "Green Oaks",
                "Hainesville",
                "Highland Park",
                "Highwood",
                "Island Lake",
                "Kildeer",
                "Lake Bluff",
                "Lake Forest",
                "Lake Villa",
                "Libertyville",
                "Lincolnshire",
                "Long Grove",
                "Mettawa",
                "Mundelein",
                "North Barrington",
                "Round Lake",
                "Round Lake Beach",
                "Round Lake Heights",
                "Round Lake Park",
                "Vernon Hills",
                "Volo",
                "Wadsworth",
                "Wauconda",
                "Winthrop Harbor",
                "Zion"
            ],
            "Timezone": {
                "Name": "Central",
                "Zone": "US/Central",
                "UTC_Offset": "-06:00"
            }
        },
        {
            "County Name": "LaSalle",
            "Cities": [
                "Earlville",
                "Grand Ridge",
                "LaSalle",
                "Leland",
                "Mendota",
                "Naplate",
                "North Utica",
                "Oglesby",
                "Ottawa",
                "Peru",
                "Rutland",
                "Seneca",
                "Sheridan",
                "Streator",
                "Tonica"
            ],
            "Timezone": {
                "Name": "Central",
                "Zone": "US/Central",
                "UTC_Offset": "-06:00"
            }
        },
        {
            "County Name": "Lawrence",
            "Cities": [
                "Bridgeport",
                "Lawrenceville",
                "Saint Francisville",
                "Sumner"
            ],
            "Timezone": {
                "Name": "Central",
                "Zone": "US/Central",
                "UTC_Offset": "-06:00"
            }
        },
        {
            "County Name": "Lee",
            "Cities": [
                "Amboy",
                "Ashton",
                "Dixon",
                "Franklin Grove",
                "Lee",
                "Nachusa",
                "Paw Paw",
                "Sublette"
            ],
            "Timezone": {
                "Name": "Central",
                "Zone": "US/Central",
                "UTC_Offset": "-06:00"
            }
        },
        {
            "County Name": "Livingston",
            "Cities": [
                "Chatsworth",
                "Cornell",
                "Dwight",
                "Emington",
                "Fairbury",
                "Flanagan",
                "Forrest",
                "Long Point",
                "Odell",
                "Pontiac",
                "Saunemin",
                "Strawn"
            ],
            "Timezone": {
                "Name": "Central",
                "Zone": "US/Central",
                "UTC_Offset": "-06:00"
            }
        },
        {
            "County Name": "Logan",
            "Cities": [
                "Atlanta",
                "Broadwell",
                "Elkhart",
                "Hartsburg",
                "Lincoln",
                "Mount Pulaski",
                "New Holland"
            ],
            "Timezone": {
                "Name": "Central",
                "Zone": "US/Central",
                "UTC_Offset": "-06:00"
            }
        },
        {
            "County Name": "Macon",
            "Cities": [
                "Argenta",
                "Blue Mound",
                "Decatur",
                "Forsyth",
                "Harristown",
                "Long Creek",
                "Maroa",
                "Mount Zion",
                "Niantic",
                "Oakley",
                "Oreana"
            ],
            "Timezone": {
                "Name": "Central",
                "Zone": "US/Central",
                "UTC_Offset": "-06:00"
            }
        },
        {
            "County Name": "Macoupin",
            "Cities": [
                "Benld",
                "Bunker Hill",
                "Brighton",
                "Carlinville",
                "Chesterfield",
                "Coffeen",
                "Donnellson",
                "East Gillespie",
                "Gillespie",
                "Girard",
                "Hettick",
                "Mount Olive",
                "Palmyra",
                "Royal Lakes",
                "Staunton",
                "Wilsonville"
            ],
            "Timezone": {
                "Name": "Central",
                "Zone": "US/Central",
                "UTC_Offset": "-06:00"
            }
        },
        {
            "County Name": "Madison",
            "Cities": [
                "Alhambra",
                "Bethalto",
                "Collinsville",
                "East Alton",
                "Edwardsville",
                "Glen Carbon",
                "Godfrey",
                "Granite City",
                "Hamel",
                "Highland",
                "Livingston",
                "Marine",
                "Maryville",
                "Moro",
                "Pontoon Beach",
                "Roxana",
                "St. Jacob",
                "South Roxana",
                "Troy",
                "Venice",
                "Wood River"
            ],
            "Timezone": {
                "Name": "Central",
                "Zone": "US/Central",
                "UTC_Offset": "-06:00"
            }
        },
        {
            "County Name": "Marion",
            "Cities": [
                "Alma",
                "Centralia",
                "Iuka",
                "Kinmundy",
                "Patoka",
                "Salem",
                "Sandoval"
            ],
            "Timezone": {
                "Name": "Central",
                "Zone": "US/Central",
                "UTC_Offset": "-06:00"
            }
        },
        {
            "County Name": "Marshall",
            "Cities": [
                "Henry",
                "La Rose",
                "Lacon",
                "Toluca",
                "Varna",
                "Wenona"
            ],
            "Timezone": {
                "Name": "Central",
                "Zone": "US/Central",
                "UTC_Offset": "-06:00"
            }
        },
        {
            "County Name": "Mason",
            "Cities": [
                "Bath",
                "Easton",
                "Forest City",
                "Havana",
                "Kilbourne",
                "Manito",
                "Mason City"
            ],
            "Timezone": {
                "Name": "Central",
                "Zone": "US/Central",
                "UTC_Offset": "-06:00"
            }
        },
        {
            "County Name": "Massac",
            "Cities": [
                "Brookport",
                "Joppa",
                "Metropolis"
            ],
            "Timezone": {
                "Name": "Central",
                "Zone": "US/Central",
                "UTC_Offset": "-06:00"
            }
        },
        {
            "County Name": "McDonough",
            "Cities": [
                "Bardolph",
                "Bushnell",
                "Colchester",
                "Good Hope",
                "Industry",
                "Macomb",
                "Prairie City",
                "Sciota"
            ],
            "Timezone": {
                "Name": "Central",
                "Zone": "US/Central",
                "UTC_Offset": "-06:00"
            }
        },
        {
            "County Name": "McHenry",
            "Cities": [
                "Algonquin",
                "Bull Valley",
                "Cary",
                "Crystal Lake",
                "Fox River Grove",
                "Harvard",
                "Hebron",
                "Huntley",
                "Island Lake",
                "Johnsburg",
                "Lakemoor",
                "Lake in the Hills",
                "Marengo",
                "McCullom Lake",
                "Oakwood Hills",
                "Richmond",
                "Ringwood",
                "Spring Grove",
                "Union",
                "Woodstock"
            ],
            "Timezone": {
                "Name": "Central",
                "Zone": "US/Central",
                "UTC_Offset": "-06:00"
            }
        },
        {
            "County Name": "McLean",
            "Cities": [
                "Anchor",
                "Arrowsmith",
                "Bloomington",
                "Carlock",
                "Chenoa",
                "Colfax",
                "Danvers",
                "Downs",
                "Ellsworth",
                "Gridley",
                "Heyworth",
                "Hudson",
                "Le Roy",
                "Lexington",
                "McLean",
                "Normal",
                "Saybrook",
                "Stanford",
                "Strawn",
                "Towanda"
            ],
            "Timezone": {
                "Name": "Central",
                "Zone": "US/Central",
                "UTC_Offset": "-06:00"
            }
        },
        {
            "County Name": "Menard",
            "Cities": [
                "Athens",
                "Greenview",
                "Oakford",
                "Petersburg",
                "Tallula"
            ],
            "Timezone": {
                "Name": "Central",
                "Zone": "US/Central",
                "UTC_Offset": "-06:00"
            }
        },
        {
            "County Name": "Mercer",
            "Cities": [
                "Aledo",
                "Keithsburg",
                "New Boston",
                "North Henderson",
                "Seaton",
                "Sherrard",
                "Viola"
            ],
            "Timezone": {
                "Name": "Central",
                "Zone": "US/Central",
                "UTC_Offset": "-06:00"
            }
        },
        {
            "County Name": "Monroe",
            "Cities": [
                "Columbia",
                "Fults",
                "Hecker",
                "Maeystown",
                "Valmeyer",
                "Waterloo"
            ],
            "Timezone": {
                "Name": "Central",
                "Zone": "US/Central",
                "UTC_Offset": "-06:00"
            }
        },
        {
            "County Name": "Montgomery",
            "Cities": [
                "Butler",
                "Coffeen",
                "Farmersville",
                "Fillmore",
                "Hillsboro",
                "Irving",
                "Litchfield",
                "Nokomis",
                "Panama",
                "Raymond",
                "Taylor Springs",
                "Waggoner",
                "Walshville"
            ],
            "Timezone": {
                "Name": "Central",
                "Zone": "US/Central",
                "UTC_Offset": "-06:00"
            }
        },
        {
            "County Name": "Morgan",
            "Cities": [
                "Concord",
                "Franklin",
                "Jacksonville",
                "Meredosia",
                "Murrayville",
                "South Jacksonville",
                "Waverly"
            ],
            "Timezone": {
                "Name": "Central",
                "Zone": "US/Central",
                "UTC_Offset": "-06:00"
            }
        },
        {
            "County Name": "Moultrie",
            "Cities": [
                "Arthur",
                "Lovington",
                "Sullivan"
            ],
            "Timezone": {
                "Name": "Central",
                "Zone": "US/Central",
                "UTC_Offset": "-06:00"
            }
        },
        {
            "County Name": "Ogle",
            "Cities": [
                "Byron",
                "Chana",
                "Creston",
                "Davis Junction",
                "Forreston",
                "Leaf River",
                "Mount Morris",
                "Oregon",
                "Polo",
                "Rochelle",
                "Stillman Valley"
            ],
            "Timezone": {
                "Name": "Central",
                "Zone": "US/Central",
                "UTC_Offset": "-06:00"
            }
        },
        {
            "County Name": "Peoria",
            "Cities": [
                "Bartonville",
                "Bellevue",
                "Brimfield",
                "Chillicothe",
                "Dunlap",
                "Edwards",
                "Elmwood",
                "Glasford",
                "Hanna City",
                "Kickapoo",
                "Peoria",
                "Princeville",
                "West Peoria"
            ],
            "Timezone": {
                "Name": "Central",
                "Zone": "US/Central",
                "UTC_Offset": "-06:00"
            }
        },
        {
            "County Name": "Perry",
            "Cities": [
                "Du Quoin",
                "Pinckneyville",
                "Tamaroa"
            ],
            "Timezone": {
                "Name": "Central",
                "Zone": "US/Central",
                "UTC_Offset": "-06:00"
            }
        },
        {
            "County Name": "Piatt",
            "Cities": [
                "Bement",
                "Cerro Gordo",
                "Deland",
                "Monticello",
                "White Heath"
            ],
            "Timezone": {
                "Name": "Central",
                "Zone": "US/Central",
                "UTC_Offset": "-06:00"
            }
        },
        {
            "County Name": "Pike",
            "Cities": [
                "Baylis",
                "Barry",
                "Griggsville",
                "Hull",
                "Milton",
                "New Salem",
                "Pearl",
                "Perry",
                "Pittsfield",
                "Pleasant Hill"
            ],
            "Timezone": {
                "Name": "Central",
                "Zone": "US/Central",
                "UTC_Offset": "-06:00"
            }
        },
        {
            "County Name": "Putnam",
            "Cities": [
                "Granville",
                "Hennepin",
                "McNabb",
                "Standard"
            ],
            "Timezone": {
                "Name": "Central",
                "Zone": "US/Central",
                "UTC_Offset": "-06:00"
            }
        },
        {
            "County Name": "Randolph",
            "Cities": [
                "Baldwin",
                "Chester",
                "Coulterville",
                "Evansville",
                "Ellis Grove",
                "Red Bud",
                "Rockwood",
                "Sparta",
                "Steeleville",
                "Tilden"
            ],
            "Timezone": {
                "Name": "Central",
                "Zone": "US/Central",
                "UTC_Offset": "-06:00"
            }
        },
        {
            "County Name": "Richland",
            "Cities": [
                "Claremont",
                "Olney",
                "Parkersburg",
                "West Salem"
            ],
            "Timezone": {
                "Name": "Central",
                "Zone": "US/Central",
                "UTC_Offset": "-06:00"
            }
        },
        {
            "County Name": "Rock Island",
            "Cities": [
                "Andalusia",
                "Carbon Cliff",
                "Coal Valley",
                "Colona",
                "East Moline",
                "Hampton",
                "Milan",
                "Moline",
                "Port Byron",
                "Rock Island",
                "Silvis"
            ],
            "Timezone": {
                "Name": "Central",
                "Zone": "US/Central",
                "UTC_Offset": "-06:00"
            }
        },
        {
            "County Name": "Saline",
            "Cities": [
                "Carrier Mills",
                "Eldorado",
                "Galatia",
                "Harrisburg",
                "Raleigh",
                "Stonefort"
            ],
            "Timezone": {
                "Name": "Central",
                "Zone": "US/Central",
                "UTC_Offset": "-06:00"
            }
        },
        {
            "County Name": "Sangamon",
            "Cities": [
                "Auburn",
                "Chatham",
                "Divernon",
                "Loami",
                "New Berlin",
                "Pleasant Plains",
                "Riverton",
                "Rochester",
                "Sherman",
                "Spaulding",
                "Springfield",
                "Williamsville"
            ],
            "Timezone": {
                "Name": "Central",
                "Zone": "US/Central",
                "UTC_Offset": "-06:00"
            }
        },
        {
            "County Name": "Schuyler",
            "Cities": [
                "Browning",
                "Frederick",
                "Littleton",
                "Rushville"
            ],
            "Timezone": {
                "Name": "Central",
                "Zone": "US/Central",
                "UTC_Offset": "-06:00"
            }
        },
        {
            "County Name": "Scott",
            "Cities": [
                "Bluffs",
                "Manchester",
                "Naples",
                "Winchester"
            ],
            "Timezone": {
                "Name": "Central",
                "Zone": "US/Central",
                "UTC_Offset": "-06:00"
            }
        },
        {
            "County Name": "Shelby",
            "Cities": [
                "Findlay",
                "Herrick",
                "Lakewood",
                "Moweaqua",
                "Shelbyville",
                "Stewardson",
                "Strasburg",
                "Tower Hill",
                "Windsor"
            ],
            "Timezone": {
                "Name": "Central",
                "Zone": "US/Central",
                "UTC_Offset": "-06:00"
            }
        },
        {
            "County Name": "St. Clair",
            "Cities": [
                "Alorton",
                "Belleville",
                "Brooklyn",
                "Cahokia Heights",
                "Caseyville",
                "Centreville",
                "Collinsville",
                "Dupo",
                "East St. Louis",
                "Fairmont City",
                "Freeburg",
                "Lebanon",
                "Mascoutah",
                "Millstadt",
                "O'Fallon",
                "Pontoon Beach",
                "Shiloh",
                "Smithton",
                "Swansea",
                "Washington Park"
            ],
            "Timezone": {
                "Name": "Central",
                "Zone": "US/Central",
                "UTC_Offset": "-06:00"
            }
        },
        {
            "County Name": "Stark",
            "Cities": [
                "Bradford",
                "La Fayette",
                "Toulon",
                "Wyoming"
            ],
            "Timezone": {
                "Name": "Central",
                "Zone": "US/Central",
                "UTC_Offset": "-06:00"
            }
        },
        {
            "County Name": "Stephenson",
            "Cities": [
                "Dakota",
                "Freeport",
                "Lena",
                "Orangeville",
                "Pearl City",
                "Ridott",
                "Rock City",
                "Winslow"
            ],
            "Timezone": {
                "Name": "Central",
                "Zone": "US/Central",
                "UTC_Offset": "-06:00"
            }
        },
        {
            "County Name": "Tazewell",
            "Cities": [
                "Armington",
                "Bartonville",
                "Delavan",
                "East Peoria",
                "Green Valley",
                "Hopedale",
                "Mackinaw",
                "Marquette Heights",
                "Minier",
                "Morton",
                "Pekin",
                "South Pekin",
                "Tremont",
                "Washington"
            ],
            "Timezone": {
                "Name": "Central",
                "Zone": "US/Central",
                "UTC_Offset": "-06:00"
            }
        },
        {
            "County Name": "Union",
            "Cities": [
                "Anna",
                "Cobden",
                "Dongola",
                "Jonesboro"
            ],
            "Timezone": {
                "Name": "Central",
                "Zone": "US/Central",
                "UTC_Offset": "-06:00"
            }
        },
        {
            "County Name": "Vermilion",
            "Cities": [
                "Bismarck",
                "Catlin",
                "Danville",
                "Georgetown",
                "Hoopeston",
                "Indianola",
                "Muncie",
                "Oakwood",
                "Potomac",
                "Rossville",
                "Tilton",
                "Westville"
            ],
            "Timezone": {
                "Name": "Central",
                "Zone": "US/Central",
                "UTC_Offset": "-06:00"
            }
        },
        {
            "County Name": "Wabash",
            "Cities": [
                "Allendale",
                "Bellmont",
                "Keensburg",
                "Lancaster",
                "Mount Carmel",
                "St. Francisville"
            ],
            "Timezone": {
                "Name": "Central",
                "Zone": "US/Central",
                "UTC_Offset": "-06:00"
            }
        },
        {
            "County Name": "Warren",
            "Cities": [
                "Alexis",
                "Kirkwood",
                "Little York",
                "Monmouth",
                "Roseville"
            ],
            "Timezone": {
                "Name": "Central",
                "Zone": "US/Central",
                "UTC_Offset": "-06:00"
            }
        },
        {
            "County Name": "Washington",
            "Cities": [
                "Addieville",
                "Covington",
                "Hoyleton",
                "Irvington",
                "Nashville",
                "Oakdale",
                "Okawville",
                "Radom"
            ],
            "Timezone": {
                "Name": "Central",
                "Zone": "US/Central",
                "UTC_Offset": "-06:00"
            }
        },
        {
            "County Name": "Wayne",
            "Cities": [
                "Barnhill",
                "Clay City",
                "Cisne",
                "Fairfield",
                "Golden Gate",
                "Johnsonville",
                "Keenes",
                "Mill Shoals",
                "Wayne City"
            ],
            "Timezone": {
                "Name": "Central",
                "Zone": "US/Central",
                "UTC_Offset": "-06:00"
            }
        },
        {
            "County Name": "White",
            "Cities": [
                "Carmi",
                "Crossville",
                "Enfield",
                "Grayville",
                "Maunie",
                "Norris City"
            ],
            "Timezone": {
                "Name": "Central",
                "Zone": "US/Central",
                "UTC_Offset": "-06:00"
            }
        },
        {
            "County Name": "Whiteside",
            "Cities": [
                "Albany",
                "Coleta",
                "Erie",
                "Fulton",
                "Lyndon",
                "Morrison",
                "Prophetstown",
                "Rock Falls",
                "Sterling"
            ],
            "Timezone": {
                "Name": "Central",
                "Zone": "US/Central",
                "UTC_Offset": "-06:00"
            }
        },
        {
            "County Name": "Will",
            "Cities": [
                "Beecher",
                "Bolingbrook",
                "Braidwood",
                "Channahon",
                "Crete",
                "Elwood",
                "Frankfort",
                "Homer Glen",
                "Joliet",
                "Lockport",
                "Manhattan",
                "Mokena",
                "Monee",
                "New Lenox",
                "Peotone",
                "Rockdale",
                "Romeoville",
                "Shorewood",
                "Steger",
                "Symerton",
                "University Park",
                "Wilmington"
            ],
            "Timezone": {
                "Name": "Central",
                "Zone": "US/Central",
                "UTC_Offset": "-06:00"
            }
        },
        {
            "County Name": "Williamson",
            "Cities": [
                "Carterville",
                "Colp",
                "Crainville",
                "Energy",
                "Herrin",
                "Johnston City",
                "Marion"
            ],
            "Timezone": {
                "Name": "Central",
                "Zone": "US/Central",
                "UTC_Offset": "-06:00"
            }
        },
        {
            "County Name": "Winnebago",
            "Cities": [
                "Cherry Valley",
                "Durand",
                "Loves Park",
                "Machesney Park",
                "Pecatonica",
                "Rockford",
                "Roscoe",
                "Rockton",
                "South Beloit"
            ],
            "Timezone": {
                "Name": "Central",
                "Zone": "US/Central",
                "UTC_Offset": "-06:00"
            }
        },
        {
            "County Name": "Woodford",
            "Cities": [
                "Benson",
                "El Paso",
                "Eureka",
                "Germantown Hills",
                "Kappa",
                "Minonk",
                "Metamora",
                "Roanoke",
                "Washburn"
            ],
            "Timezone": {
                "Name": "Central",
                "Zone": "US/Central",
                "UTC_Offset": "-06:00"
            }
        }
    ],
    "website": "https://www.mydripnurse.com",
    "ownerName": "Keishla",
    "ownerLastName": "Caraballo",
    "phone": "9392749203",
    "email": "keyla03@live.com",
    "twilio": {
        "sid": "secret",
        "authToken": "secret"
    },
    "mailgun": {
        "apiKey": "secret",
        "domain": "secret"
    },
    "customValues": {
        "businessInformation": {
            "favicon": "https://storage.googleapis.com/msgsndr/vMfl1L5xb2wJfNFNW5fb/media/656c2a9fe33f7c575831e093.png",
            "businessPhone": ""
        },
        "ivTherapyPrice": {
            "myersCocktailPrice": "299",
            "alleviatePrice": "219",
            "brainStormPrice": "199",
            "getLeanPrice": "179",
            "immunityDefensePrice": "279",
            "immunityDefenseAndGlutathionePrice": "299",
            "hangoverPrice": "219",
            "hydratePrice": "219",
            "nadPrice": "599",
            "nadBoostPrice": "797",
            "recoveryPerformancePrice": "219",
            "theGlowPrice": "199"
        },
        "vitaminPrice": {
            "vitaminD3": "100",
            "bComplex": "70",
            "biotin": "75",
            "vitaminC": "70",
            "aminoBlend": "80",
            "glutathione": "90",
            "lipoMino": "120",
            "triImmuneBoost": "120",
            "vitaminB12": "70",
            "ondansetron": "70"
        },
        "facebook": {
            "accessToken": "secret",
            "facebookPixel": "secret",
            "instagramUrl": "https://www.instagram.com/mydripnurse/",
            "facebookUrl": "https://www.facebook.com/MyDripNurse"
        }
    },
    "businessInformation": {
        "snapshotId": "secret",
        "companyId": "secret"
    }
}