{
    "Counties": [
        {
            "County Name": "Adair",
            "Cities": [
                "Adair",
                "Casey",
                "Fontanelle",
                "Greenfield",
                "Orient"
            ],
            "Timezone": {
                "Name": "Central",
                "Zone": "US/Central",
                "UTC_Offset": "-06:00"
            }
        },
        {
            "County Name": "Adams",
            "Cities": [
                "Corning",
                "Carbon",
                "Nodaway",
                "Prescott"
            ],
            "Timezone": {
                "Name": "Central",
                "Zone": "US/Central",
                "UTC_Offset": "-06:00"
            }
        },
        {
            "County Name": "Allamakee",
            "Cities": [
                "Harpers Ferry",
                "Lansing",
                "Postville",
                "Waterville",
                "Waukon"
            ],
            "Timezone": {
                "Name": "Central",
                "Zone": "US/Central",
                "UTC_Offset": "-06:00"
            }
        },
        {
            "County Name": "Appanoose",
            "Cities": [
                "Centerville",
                "Cincinnati",
                "Exline",
                "Moulton",
                "Mystic",
                "Plano",
                "Udell"
            ],
            "Timezone": {
                "Name": "Central",
                "Zone": "US/Central",
                "UTC_Offset": "-06:00"
            }
        },
        {
            "County Name": "Audubon",
            "Cities": [
                "Audubon",
                "Brayton",
                "Gray",
                "Kimballton"
            ],
            "Timezone": {
                "Name": "Central",
                "Zone": "US/Central",
                "UTC_Offset": "-06:00"
            }
        },
        {
            "County Name": "Benton",
            "Cities": [
                "Atkins",
                "Belle Plaine",
                "Blairstown",
                "Elberon",
                "Garrison",
                "Keystone",
                "Newhall",
                "Norway",
                "Shellsburg",
                "Urbana",
                "Van Horne",
                "Vinton"
            ],
            "Timezone": {
                "Name": "Central",
                "Zone": "US/Central",
                "UTC_Offset": "-06:00"
            }
        },
        {
            "County Name": "Black Hawk",
            "Cities": [
                "Cedar Falls",
                "Evansdale",
                "Hudson",
                "La Porte City",
                "Raymond",
                "Waterloo"
            ],
            "Timezone": {
                "Name": "Central",
                "Zone": "US/Central",
                "UTC_Offset": "-06:00"
            }
        },
        {
            "County Name": "Boone",
            "Cities": [
                "Boone",
                "Madrid",
                "Ogden",
                "Pilot Mound"
            ],
            "Timezone": {
                "Name": "Central",
                "Zone": "US/Central",
                "UTC_Offset": "-06:00"
            }
        },
        {
            "County Name": "Bremer",
            "Cities": [
                "Denver",
                "Frederika",
                "Readlyn",
                "Sumner",
                "Tripoli",
                "Waverly"
            ],
            "Timezone": {
                "Name": "Central",
                "Zone": "US/Central",
                "UTC_Offset": "-06:00"
            }
        },
        {
            "County Name": "Buchanan",
            "Cities": [
                "Aurora",
                "Brandon",
                "Fairbank",
                "Hazleton",
                "Independence",
                "Jesup",
                "Lamont",
                "Quasqueton",
                "Rowley",
                "Stanley",
                "Winthrop"
            ],
            "Timezone": {
                "Name": "Central",
                "Zone": "US/Central",
                "UTC_Offset": "-06:00"
            }
        },
        {
            "County Name": "Buena Vista",
            "Cities": [
                "Albert City",
                "Alta",
                "Linn Grove",
                "Marathon",
                "Newell",
                "Sioux Rapids",
                "Storm Lake"
            ],
            "Timezone": {
                "Name": "Central",
                "Zone": "US/Central",
                "UTC_Offset": "-06:00"
            }
        },
        {
            "County Name": "Butler",
            "Cities": [
                "Allison",
                "Aplington",
                "Bristow",
                "Clarksville",
                "Dumont",
                "Greene",
                "Parkersburg",
                "Shell Rock"
            ],
            "Timezone": {
                "Name": "Central",
                "Zone": "US/Central",
                "UTC_Offset": "-06:00"
            }
        },
        {
            "County Name": "Calhoun",
            "Cities": [
                "Barnum",
                "Lake City",
                "Lohrville",
                "Manson",
                "Pomeroy",
                "Rockwell City",
                "Somers"
            ],
            "Timezone": {
                "Name": "Central",
                "Zone": "US/Central",
                "UTC_Offset": "-06:00"
            }
        },
        {
            "County Name": "Carroll",
            "Cities": [
                "Arcadia",
                "Carroll",
                "Coon Rapids",
                "Dedham",
                "Glidden",
                "Halbur",
                "Knierim",
                "Lanesboro",
                "Manning",
                "Ralston",
                "Templeton",
                "Willey"
            ],
            "Timezone": {
                "Name": "Central",
                "Zone": "US/Central",
                "UTC_Offset": "-06:00"
            }
        },
        {
            "County Name": "Cass",
            "Cities": [
                "Anita",
                "Atlantic",
                "Cumberland",
                "Griswold",
                "Lewis",
                "Marne",
                "Massena"
            ],
            "Timezone": {
                "Name": "Central",
                "Zone": "US/Central",
                "UTC_Offset": "-06:00"
            }
        },
        {
            "County Name": "Cedar",
            "Cities": [
                "Bennett",
                "Clarence",
                "Durant",
                "Lowden",
                "Mechanicsville",
                "Stanwood",
                "Tipton",
                "West Branch"
            ],
            "Timezone": {
                "Name": "Central",
                "Zone": "US/Central",
                "UTC_Offset": "-06:00"
            }
        },
        {
            "County Name": "Cerro Gordo",
            "Cities": [
                "Clear Lake",
                "Dougherty",
                "Fertile",
                "Mason City",
                "Meservey",
                "Rock Falls",
                "Swaledale",
                "Thornton"
            ],
            "Timezone": {
                "Name": "Central",
                "Zone": "US/Central",
                "UTC_Offset": "-06:00"
            }
        },
        {
            "County Name": "Cherokee",
            "Cities": [
                "Cherokee",
                "Cleghorn",
                "Larrabee",
                "Marcus",
                "Meriden",
                "Quimby"
            ],
            "Timezone": {
                "Name": "Central",
                "Zone": "US/Central",
                "UTC_Offset": "-06:00"
            }
        },
        {
            "County Name": "Chickasaw",
            "Cities": [
                "Bassett",
                "Bradford",
                "Chickasaw",
                "Fredericksburg",
                "Ionia",
                "New Hampton",
                "North Washington",
                "Nashua"
            ],
            "Timezone": {
                "Name": "Central",
                "Zone": "US/Central",
                "UTC_Offset": "-06:00"
            }
        },
        {
            "County Name": "Clarke",
            "Cities": [
                "Murray",
                "Osceola",
                "Woodburn"
            ],
            "Timezone": {
                "Name": "Central",
                "Zone": "US/Central",
                "UTC_Offset": "-06:00"
            }
        },
        {
            "County Name": "Clay",
            "Cities": [
                "Dickens",
                "Everly",
                "Fostoria",
                "Greenville",
                "Langdon",
                "Peterson",
                "Spencer"
            ],
            "Timezone": {
                "Name": "Central",
                "Zone": "US/Central",
                "UTC_Offset": "-06:00"
            }
        },
        {
            "County Name": "Clayton",
            "Cities": [
                "Clayton",
                "Elkader",
                "Elgin",
                "Farmersburg",
                "Garnavillo",
                "Guttenberg",
                "Luana",
                "Marquette",
                "McGregor",
                "Monona",
                "Strawberry Point",
                "Volga"
            ],
            "Timezone": {
                "Name": "Central",
                "Zone": "US/Central",
                "UTC_Offset": "-06:00"
            }
        },
        {
            "County Name": "Clinton",
            "Cities": [
                "Albany",
                "Andover",
                "Bryant",
                "Camanche",
                "Charlotte",
                "Clinton",
                "Delmar",
                "DeWitt",
                "Goose Lake",
                "Lost Nation",
                "Low Moor",
                "Miles",
                "Welton"
            ],
            "Timezone": {
                "Name": "Central",
                "Zone": "US/Central",
                "UTC_Offset": "-06:00"
            }
        },
        {
            "County Name": "Crawford",
            "Cities": [
                "Arion",
                "Charter Oak",
                "Denison",
                "Dow City",
                "Kiron",
                "Manilla",
                "Ricketts",
                "Schleswig",
                "Vail",
                "Westside"
            ],
            "Timezone": {
                "Name": "Central",
                "Zone": "US/Central",
                "UTC_Offset": "-06:00"
            }
        },
        {
            "County Name": "Dallas",
            "Cities": [
                "Adel",
                "Bouton",
                "Dallas Center",
                "Dawson",
                "Dexter",
                "Granger",
                "Minburn",
                "Perry",
                "Redfield",
                "Van Meter",
                "Waukee",
                "West Des Moines",
                "Woodward"
            ],
            "Timezone": {
                "Name": "Central",
                "Zone": "US/Central",
                "UTC_Offset": "-06:00"
            }
        },
        {
            "County Name": "Davis",
            "Cities": [
                "Bloomfield",
                "Drakesville",
                "Pulaski"
            ],
            "Timezone": {
                "Name": "Central",
                "Zone": "US/Central",
                "UTC_Offset": "-06:00"
            }
        },
        {
            "County Name": "Decatur",
            "Cities": [
                "Davis City",
                "Decatur City",
                "Garden Grove",
                "Lamoni",
                "Leon"
            ],
            "Timezone": {
                "Name": "Central",
                "Zone": "US/Central",
                "UTC_Offset": "-06:00"
            }
        },
        {
            "County Name": "Delaware",
            "Cities": [
                "Colesburg",
                "Dundee",
                "Earlville",
                "Edgewood",
                "Greeley",
                "Hopkinton",
                "Manchester",
                "Masonville",
                "Ryan"
            ],
            "Timezone": {
                "Name": "Central",
                "Zone": "US/Central",
                "UTC_Offset": "-06:00"
            }
        },
        {
            "County Name": "Des Moines",
            "Cities": [
                "Burlington",
                "Danville",
                "Mediapolis",
                "West Burlington"
            ],
            "Timezone": {
                "Name": "Central",
                "Zone": "US/Central",
                "UTC_Offset": "-06:00"
            }
        },
        {
            "County Name": "Dickinson",
            "Cities": [
                "Arnolds Park",
                "Lake Park",
                "Milford",
                "Okoboji",
                "Spirit Lake",
                "Terril"
            ],
            "Timezone": {
                "Name": "Central",
                "Zone": "US/Central",
                "UTC_Offset": "-06:00"
            }
        },
        {
            "County Name": "Dubuque",
            "Cities": [
                "Asbury",
                "Balltown",
                "Bankston",
                "Cascade",
                "Centralia",
                "Dubuque",
                "Dyersville",
                "Epworth",
                "Farley",
                "Graf",
                "Holy Cross",
                "Luxemburg",
                "New Vienna",
                "Peosta",
                "Rickardsville",
                "Sherrill",
                "Worthington"
            ],
            "Timezone": {
                "Name": "Central",
                "Zone": "US/Central",
                "UTC_Offset": "-06:00"
            }
        },
        {
            "County Name": "Emmet",
            "Cities": [
                "Armstrong",
                "Cylinder",
                "Dolliver",
                "Ellsworth",
                "Estherville",
                "Gruver",
                "Ringsted",
                "Wallingford"
            ],
            "Timezone": {
                "Name": "Central",
                "Zone": "US/Central",
                "UTC_Offset": "-06:00"
            }
        },
        {
            "County Name": "Fayette",
            "Cities": [
                "Alpha",
                "Arlington",
                "Auburn",
                "Clermont",
                "Elgin",
                "Fayette",
                "Hawkeye",
                "Maynard",
                "Oelwein",
                "Randalia",
                "St. Lucas",
                "Strawberry Point",
                "Wadena",
                "West Union"
            ],
            "Timezone": {
                "Name": "Central",
                "Zone": "US/Central",
                "UTC_Offset": "-06:00"
            }
        },
        {
            "County Name": "Floyd",
            "Cities": [
                "Charles City",
                "Colwell",
                "Floyd",
                "Marble Rock",
                "Nora Springs",
                "Rockford",
                "Rudd"
            ],
            "Timezone": {
                "Name": "Central",
                "Zone": "US/Central",
                "UTC_Offset": "-06:00"
            }
        },
        {
            "County Name": "Franklin",
            "Cities": [
                "Alexander",
                "Geneva",
                "Hampton",
                "Hansell",
                "Latimer",
                "Sheffield",
                "Coulter"
            ],
            "Timezone": {
                "Name": "Central",
                "Zone": "US/Central",
                "UTC_Offset": "-06:00"
            }
        },
        {
            "County Name": "Fremont",
            "Cities": [
                "Farragut",
                "Hamburg",
                "Imogene",
                "Percival",
                "Riverton",
                "Sidney",
                "Tabor"
            ],
            "Timezone": {
                "Name": "Central",
                "Zone": "US/Central",
                "UTC_Offset": "-06:00"
            }
        },
        {
            "County Name": "Greene",
            "Cities": [
                "Churdan",
                "Cooper",
                "Dana",
                "Jefferson",
                "Paton",
                "Rippey",
                "Scranton"
            ],
            "Timezone": {
                "Name": "Central",
                "Zone": "US/Central",
                "UTC_Offset": "-06:00"
            }
        },
        {
            "County Name": "Grundy",
            "Cities": [
                "Beaman",
                "Conrad",
                "Dike",
                "Grundy Center",
                "Holland",
                "Reinbeck",
                "Wellsburg"
            ],
            "Timezone": {
                "Name": "Central",
                "Zone": "US/Central",
                "UTC_Offset": "-06:00"
            }
        },
        {
            "County Name": "Guthrie",
            "Cities": [
                "Bagley",
                "Bayard",
                "Casey",
                "Guthrie Center",
                "Jamaica",
                "Menlo",
                "Panora",
                "Stuart",
                "Yale"
            ],
            "Timezone": {
                "Name": "Central",
                "Zone": "US/Central",
                "UTC_Offset": "-06:00"
            }
        },
        {
            "County Name": "Hamilton",
            "Cities": [
                "Blairsburg",
                "Ellsworth",
                "Jewell Junction",
                "Kamrar",
                "Randall",
                "Stanhope",
                "Stratford",
                "Webster City",
                "Williams"
            ],
            "Timezone": {
                "Name": "Central",
                "Zone": "US/Central",
                "UTC_Offset": "-06:00"
            }
        },
        {
            "County Name": "Hancock",
            "Cities": [
                "Britt",
                "Corwith",
                "Garner",
                "Goodell",
                "Kanawha",
                "Klemme"
            ],
            "Timezone": {
                "Name": "Central",
                "Zone": "US/Central",
                "UTC_Offset": "-06:00"
            }
        },
        {
            "County Name": "Hardin",
            "Cities": [
                "Alden",
                "Buckeye",
                "Eldora",
                "Hubbard",
                "Iowa Falls",
                "New Providence",
                "Radcliffe",
                "Steamboat Rock",
                "Union"
            ],
            "Timezone": {
                "Name": "Central",
                "Zone": "US/Central",
                "UTC_Offset": "-06:00"
            }
        },
        {
            "County Name": "Harrison",
            "Cities": [
                "California Junction",
                "Dunlap",
                "Little Sioux",
                "Logan",
                "Magnolia",
                "Modale",
                "Mondamin",
                "Missouri Valley",
                "Persia",
                "Pisgah",
                "Woodbine"
            ],
            "Timezone": {
                "Name": "Central",
                "Zone": "US/Central",
                "UTC_Offset": "-06:00"
            }
        },
        {
            "County Name": "Henry",
            "Cities": [
                "Birmingham",
                "Hillsboro",
                "Mount Pleasant",
                "New London",
                "Salem",
                "Rome"
            ],
            "Timezone": {
                "Name": "Central",
                "Zone": "US/Central",
                "UTC_Offset": "-06:00"
            }
        },
        {
            "County Name": "Howard",
            "Cities": [
                "Chester",
                "Cresco",
                "Elma",
                "Lime Springs",
                "Protivin"
            ],
            "Timezone": {
                "Name": "Central",
                "Zone": "US/Central",
                "UTC_Offset": "-06:00"
            }
        },
        {
            "County Name": "Humboldt",
            "Cities": [
                "Bradgate",
                "Dakota City",
                "Gilmore City",
                "Humboldt",
                "Livermore",
                "Ottosen",
                "Renwick",
                "Rutland"
            ],
            "Timezone": {
                "Name": "Central",
                "Zone": "US/Central",
                "UTC_Offset": "-06:00"
            }
        },
        {
            "County Name": "Ida",
            "Cities": [
                "Arthur",
                "Battle Creek",
                "Galva",
                "Holstein",
                "Ida Grove"
            ],
            "Timezone": {
                "Name": "Central",
                "Zone": "US/Central",
                "UTC_Offset": "-06:00"
            }
        },
        {
            "County Name": "Iowa",
            "Cities": [
                "Ladora",
                "Marengo",
                "Millersburg",
                "North English",
                "Victor",
                "Williamsburg"
            ],
            "Timezone": {
                "Name": "Central",
                "Zone": "US/Central",
                "UTC_Offset": "-06:00"
            }
        },
        {
            "County Name": "Jackson",
            "Cities": [
                "Andrew",
                "Bellevue",
                "La Motte",
                "Maquoketa",
                "Miles",
                "Preston",
                "Sabula",
                "Springbrook"
            ],
            "Timezone": {
                "Name": "Central",
                "Zone": "US/Central",
                "UTC_Offset": "-06:00"
            }
        },
        {
            "County Name": "Jasper",
            "Cities": [
                "Baxter",
                "Colfax",
                "Kellogg",
                "Lynnville",
                "Monroe",
                "Newton",
                "Prairie City",
                "Reasnor"
            ],
            "Timezone": {
                "Name": "Central",
                "Zone": "US/Central",
                "UTC_Offset": "-06:00"
            }
        },
        {
            "County Name": "Jefferson",
            "Cities": [
                "Batavia",
                "Birmingham",
                "Fairfield",
                "Libertyville",
                "Lockridge",
                "Packwood"
            ],
            "Timezone": {
                "Name": "Central",
                "Zone": "US/Central",
                "UTC_Offset": "-06:00"
            }
        },
        {
            "County Name": "Johnson",
            "Cities": [
                "Coralville",
                "Hills",
                "Iowa City",
                "North Liberty",
                "Oxford",
                "Shueyville",
                "Solon",
                "Swisher",
                "Tiffin",
                "University Heights"
            ],
            "Timezone": {
                "Name": "Central",
                "Zone": "US/Central",
                "UTC_Offset": "-06:00"
            }
        },
        {
            "County Name": "Jones",
            "Cities": [
                "Anamosa",
                "Cascade",
                "Center Junction",
                "Langworthy",
                "Martelle",
                "Monticello",
                "Morley",
                "Olin",
                "Oxford Junction",
                "Wyoming"
            ],
            "Timezone": {
                "Name": "Central",
                "Zone": "US/Central",
                "UTC_Offset": "-06:00"
            }
        },
        {
            "County Name": "Keokuk",
            "Cities": [
                "Delta",
                "Gibson",
                "Harper",
                "Hedrick",
                "Keswick",
                "Kinross",
                "Richland",
                "Sigourney",
                "South English",
                "Thornburg",
                "What Cheer"
            ],
            "Timezone": {
                "Name": "Central",
                "Zone": "US/Central",
                "UTC_Offset": "-06:00"
            }
        },
        {
            "County Name": "Kossuth",
            "Cities": [
                "Algona",
                "Bancroft",
                "Bode",
                "Burt",
                "Fenton",
                "Lakota",
                "Ledyard",
                "Lone Rock",
                "Lu Verne",
                "Ringsted",
                "Swea City",
                "Titonia",
                "Wesley",
                "Whittemore"
            ],
            "Timezone": {
                "Name": "Central",
                "Zone": "US/Central",
                "UTC_Offset": "-06:00"
            }
        },
        {
            "County Name": "Lee",
            "Cities": [
                "Donnellson",
                "Fort Madison",
                "Houghton",
                "Keokuk",
                "Montrose",
                "West Point"
            ],
            "Timezone": {
                "Name": "Central",
                "Zone": "US/Central",
                "UTC_Offset": "-06:00"
            }
        },
        {
            "County Name": "Linn",
            "Cities": [
                "Alburnett",
                "Central City",
                "Coggon",
                "Ely",
                "Hiawatha",
                "Marion",
                "Mount Vernon",
                "Palo",
                "Prairieburg",
                "Robins",
                "Springville",
                "Urbana",
                "Walker"
            ],
            "Timezone": {
                "Name": "Central",
                "Zone": "US/Central",
                "UTC_Offset": "-06:00"
            }
        },
        {
            "County Name": "Louisa",
            "Cities": [
                "Columbus City",
                "Columbus Junction",
                "Fruitland",
                "Grandview",
                "Letts",
                "Oakville",
                "Wapello"
            ],
            "Timezone": {
                "Name": "Central",
                "Zone": "US/Central",
                "UTC_Offset": "-06:00"
            }
        },
        {
            "County Name": "Lucas",
            "Cities": [
                "Chariton",
                "Derby",
                "Lucas",
                "Russell",
                "Williamson"
            ],
            "Timezone": {
                "Name": "Central",
                "Zone": "US/Central",
                "UTC_Offset": "-06:00"
            }
        },
        {
            "County Name": "Lyon",
            "Cities": [
                "George",
                "Inwood",
                "Larchwood",
                "Little Rock",
                "Rock Rapids"
            ],
            "Timezone": {
                "Name": "Central",
                "Zone": "US/Central",
                "UTC_Offset": "-06:00"
            }
        },
        {
            "County Name": "Madison",
            "Cities": [
                "Bevington",
                "Cumming",
                "Dexter",
                "Earlham",
                "East Peru",
                "Macksburg",
                "St. Charles",
                "Truro",
                "Winterset"
            ],
            "Timezone": {
                "Name": "Central",
                "Zone": "US/Central",
                "UTC_Offset": "-06:00"
            }
        },
        {
            "County Name": "Mahaska",
            "Cities": [
                "Beacon",
                "Eddyville",
                "Fremont",
                "Given",
                "New Sharon",
                "Oskaloosa",
                "Rose Hill"
            ],
            "Timezone": {
                "Name": "Central",
                "Zone": "US/Central",
                "UTC_Offset": "-06:00"
            }
        },
        {
            "County Name": "Marion",
            "Cities": [
                "Attica",
                "Bussey",
                "Columbia",
                "Dallas",
                "Durham",
                "Hamilton",
                "Harvey",
                "Knoxville",
                "Melcher-Dallas",
                "Pella",
                "Pleasantville",
                "Swan"
            ],
            "Timezone": {
                "Name": "Central",
                "Zone": "US/Central",
                "UTC_Offset": "-06:00"
            }
        },
        {
            "County Name": "Marshall",
            "Cities": [
                "Albion",
                "Gilman",
                "Haverhill",
                "Le Grand",
                "Liscomb",
                "Marshalltown",
                "Melbourne",
                "Rhodes",
                "State Center"
            ],
            "Timezone": {
                "Name": "Central",
                "Zone": "US/Central",
                "UTC_Offset": "-06:00"
            }
        },
        {
            "County Name": "Mills",
            "Cities": [
                "Emerson",
                "Glenwood",
                "Hastings",
                "Malvern",
                "Pacific Junction",
                "Silver City"
            ],
            "Timezone": {
                "Name": "Central",
                "Zone": "US/Central",
                "UTC_Offset": "-06:00"
            }
        },
        {
            "County Name": "Mitchell",
            "Cities": [
                "McIntire",
                "Osage",
                "Riceville",
                "Stacyville"
            ],
            "Timezone": {
                "Name": "Central",
                "Zone": "US/Central",
                "UTC_Offset": "-06:00"
            }
        },
        {
            "County Name": "Monona",
            "Cities": [
                "Blencoe",
                "Castana",
                "Mapleton",
                "Moorhead",
                "Onawa",
                "Rodney",
                "Soldier",
                "Ute",
                "Whiting"
            ],
            "Timezone": {
                "Name": "Central",
                "Zone": "US/Central",
                "UTC_Offset": "-06:00"
            }
        },
        {
            "County Name": "Monroe",
            "Cities": [
                "Albia",
                "Bussey",
                "Lovilia",
                "Melrose",
                "Moravia"
            ],
            "Timezone": {
                "Name": "Central",
                "Zone": "US/Central",
                "UTC_Offset": "-06:00"
            }
        },
        {
            "County Name": "Montgomery",
            "Cities": [
                "Elliott",
                "Red Oak",
                "Stanton",
                "Villisca"
            ],
            "Timezone": {
                "Name": "Central",
                "Zone": "US/Central",
                "UTC_Offset": "-06:00"
            }
        },
        {
            "County Name": "Muscatine",
            "Cities": [
                "Atalissa",
                "Conesville",
                "Fruitland",
                "Montpelier",
                "Moscow",
                "Muscatine",
                "Nichols",
                "West Liberty",
                "Wilton"
            ],
            "Timezone": {
                "Name": "Central",
                "Zone": "US/Central",
                "UTC_Offset": "-06:00"
            }
        },
        {
            "County Name": "O'Brien",
            "Cities": [
                "Calumet",
                "Hartley",
                "Paullina",
                "Primghar",
                "Sanborn",
                "Sheldon",
                "Sutherland"
            ],
            "Timezone": {
                "Name": "Central",
                "Zone": "US/Central",
                "UTC_Offset": "-06:00"
            }
        },
        {
            "County Name": "Osceola",
            "Cities": [
                "Ashton",
                "Harris",
                "Ocheyedan",
                "Sibley"
            ],
            "Timezone": {
                "Name": "Central",
                "Zone": "US/Central",
                "UTC_Offset": "-06:00"
            }
        },
        {
            "County Name": "Page",
            "Cities": [
                "Blanchard",
                "Braddyville",
                "Clarinda",
                "Coin",
                "College Springs",
                "Essex",
                "New Market",
                "Northboro",
                "Shambaugh",
                "Shenandoah",
                "Yorktown"
            ],
            "Timezone": {
                "Name": "Central",
                "Zone": "US/Central",
                "UTC_Offset": "-06:00"
            }
        },
        {
            "County Name": "Palo Alto",
            "Cities": [
                "Cylinder",
                "Emmetsburg",
                "Graettinger",
                "Lost Nation",
                "Ruthven",
                "West Bend"
            ],
            "Timezone": {
                "Name": "Central",
                "Zone": "US/Central",
                "UTC_Offset": "-06:00"
            }
        },
        {
            "County Name": "Plymouth",
            "Cities": [
                "Akron",
                "Brunsville",
                "Craig",
                "Hinton",
                "Kingsley",
                "Le Mars",
                "Merrill",
                "Oyens",
                "Remsen",
                "Struble",
                "Westfield"
            ],
            "Timezone": {
                "Name": "Central",
                "Zone": "US/Central",
                "UTC_Offset": "-06:00"
            }
        },
        {
            "County Name": "Pocahontas",
            "Cities": [
                "Fonda",
                "Gilmore City",
                "Laurens",
                "Pocahontas",
                "Rolfe"
            ],
            "Timezone": {
                "Name": "Central",
                "Zone": "US/Central",
                "UTC_Offset": "-06:00"
            }
        },
        {
            "County Name": "Polk",
            "Cities": [
                "Altoona",
                "Ankeny",
                "Bondurant",
                "Clive",
                "Des Moines",
                "Grimes",
                "Johnston",
                "Norwalk",
                "Pleasant Hill",
                "Polk City",
                "Urbandale",
                "Waukee",
                "West Des Moines"
            ],
            "Timezone": {
                "Name": "Central",
                "Zone": "US/Central",
                "UTC_Offset": "-06:00"
            }
        },
        {
            "County Name": "Pottawattamie",
            "Cities": [
                "Avoca",
                "Carson",
                "Carter Lake",
                "Council Bluffs",
                "Crescent",
                "Hancock",
                "Macedonia",
                "McClelland",
                "Neola",
                "Oakland",
                "Treynor",
                "Underwood",
                "Walnut"
            ],
            "Timezone": {
                "Name": "Central",
                "Zone": "US/Central",
                "UTC_Offset": "-06:00"
            }
        },
        {
            "County Name": "Poweshiek",
            "Cities": [
                "Brooklyn",
                "Deep River",
                "Grinnell",
                "Malcom",
                "Montezuma",
                "Searsboro"
            ],
            "Timezone": {
                "Name": "Central",
                "Zone": "US/Central",
                "UTC_Offset": "-06:00"
            }
        },
        {
            "County Name": "Ringgold",
            "Cities": [
                "Diagonal",
                "Kellerton",
                "Mount Ayr",
                "Redding"
            ],
            "Timezone": {
                "Name": "Central",
                "Zone": "US/Central",
                "UTC_Offset": "-06:00"
            }
        },
        {
            "County Name": "Sac",
            "Cities": [
                "Auburn",
                "Early",
                "Lake View",
                "Lytton",
                "Odebolt",
                "Sac City",
                "Schaller",
                "Wall Lake"
            ],
            "Timezone": {
                "Name": "Central",
                "Zone": "US/Central",
                "UTC_Offset": "-06:00"
            }
        },
        {
            "County Name": "Scott",
            "Cities": [
                "Bettendorf",
                "Blue Grass",
                "Buffalo",
                "Davenport",
                "Donahue",
                "Durant",
                "Eldridge",
                "Le Claire",
                "Long Grove",
                "Princeton",
                "Riverdale",
                "Walcott"
            ],
            "Timezone": {
                "Name": "Central",
                "Zone": "US/Central",
                "UTC_Offset": "-06:00"
            }
        },
        {
            "County Name": "Shelby",
            "Cities": [
                "Defiance",
                "Earling",
                "Elk Horn",
                "Harlan",
                "Irwin",
                "Kirkman",
                "Panama",
                "Portsmouth",
                "Shelby",
                "Tennant"
            ],
            "Timezone": {
                "Name": "Central",
                "Zone": "US/Central",
                "UTC_Offset": "-06:00"
            }
        },
        {
            "County Name": "Sioux",
            "Cities": [
                "Alton",
                "Boyden",
                "Hawarden",
                "Hospers",
                "Hull",
                "Ireton",
                "Maurice",
                "Orange City",
                "Rock Valley",
                "Sioux Center"
            ],
            "Timezone": {
                "Name": "Central",
                "Zone": "US/Central",
                "UTC_Offset": "-06:00"
            }
        },
        {
            "County Name": "Story",
            "Cities": [
                "Ames",
                "Cambridge",
                "Collins",
                "Colo",
                "Gilbert",
                "Huxley",
                "Maxwell",
                "McCallsburg",
                "Nevada",
                "Roland",
                "Sheldahl",
                "Slater",
                "Story City",
                "Zearing"
            ],
            "Timezone": {
                "Name": "Central",
                "Zone": "US/Central",
                "UTC_Offset": "-06:00"
            }
        },
        {
            "County Name": "Tama",
            "Cities": [
                "Chelsea",
                "Clutier",
                "Dysart",
                "Elberon",
                "Garwin",
                "Gladbrook",
                "Lincoln",
                "Montour",
                "Reinbeck",
                "Tama",
                "Toledo",
                "Traer"
            ],
            "Timezone": {
                "Name": "Central",
                "Zone": "US/Central",
                "UTC_Offset": "-06:00"
            }
        },
        {
            "County Name": "Taylor",
            "Cities": [
                "Bedford",
                "Clearfield",
                "Conway",
                "Gravity",
                "Lenox",
                "New Market"
            ],
            "Timezone": {
                "Name": "Central",
                "Zone": "US/Central",
                "UTC_Offset": "-06:00"
            }
        },
        {
            "County Name": "Union",
            "Cities": [
                "Afton",
                "Creston",
                "Lorimor",
                "Thayer"
            ],
            "Timezone": {
                "Name": "Central",
                "Zone": "US/Central",
                "UTC_Offset": "-06:00"
            }
        },
        {
            "County Name": "Van Buren",
            "Cities": [
                "Birmingham",
                "Bonaparte",
                "Cantril",
                "Douds",
                "Farmington",
                "Keosauqua",
                "Milton",
                "Stockport"
            ],
            "Timezone": {
                "Name": "Central",
                "Zone": "US/Central",
                "UTC_Offset": "-06:00"
            }
        },
        {
            "County Name": "Wapello",
            "Cities": [
                "Agency",
                "Blakesburg",
                "Chillicothe",
                "Eddyville",
                "Kirkville",
                "Ottumwa"
            ],
            "Timezone": {
                "Name": "Central",
                "Zone": "US/Central",
                "UTC_Offset": "-06:00"
            }
        },
        {
            "County Name": "Warren",
            "Cities": [
                "Ackworth",
                "Carlisle",
                "Cumming",
                "Indianola",
                "Lacona",
                "Martensdale",
                "Milo",
                "New Virginia",
                "Norwalk",
                "St. Marys"
            ],
            "Timezone": {
                "Name": "Central",
                "Zone": "US/Central",
                "UTC_Offset": "-06:00"
            }
        },
        {
            "County Name": "Washington",
            "Cities": [
                "Ainsworth",
                "Brighton",
                "Crawfordsville",
                "Kalona",
                "Riverside",
                "Washington",
                "Wellman"
            ],
            "Timezone": {
                "Name": "Central",
                "Zone": "US/Central",
                "UTC_Offset": "-06:00"
            }
        },
        {
            "County Name": "Wayne",
            "Cities": [
                "Allerton",
                "Corydon",
                "Humeston",
                "Lineville",
                "Seymour"
            ],
            "Timezone": {
                "Name": "Central",
                "Zone": "US/Central",
                "UTC_Offset": "-06:00"
            }
        },
        {
            "County Name": "Webster",
            "Cities": [
                "Badger",
                "Barnum",
                "Dayton",
                "Duncombe",
                "Fort Dodge",
                "Gowrie",
                "Lehigh",
                "Otho",
                "Vincent"
            ],
            "Timezone": {
                "Name": "Central",
                "Zone": "US/Central",
                "UTC_Offset": "-06:00"
            }
        },
        {
            "County Name": "Winnebago",
            "Cities": [
                "Buffalo Center",
                "Forest City",
                "Lake Mills",
                "Leland",
                "Rake",
                "Scarville",
                "Thompson"
            ],
            "Timezone": {
                "Name": "Central",
                "Zone": "US/Central",
                "UTC_Offset": "-06:00"
            }
        },
        {
            "County Name": "Winneshiek",
            "Cities": [
                "Calmar",
                "Castalia",
                "Decorah",
                "Fort Atkinson",
                "Ossian",
                "Ridgeway"
            ],
            "Timezone": {
                "Name": "Central",
                "Zone": "US/Central",
                "UTC_Offset": "-06:00"
            }
        },
        {
            "County Name": "Woodbury",
            "Cities": [
                "Anthon",
                "Bronson",
                "Correctionville",
                "Cushing",
                "Danbury",
                "Hornick",
                "Moville",
                "Oto",
                "Salix",
                "Sergeant Bluff",
                "Sloan",
                "Sioux City"
            ],
            "Timezone": {
                "Name": "Central",
                "Zone": "US/Central",
                "UTC_Offset": "-06:00"
            }
        },
        {
            "County Name": "Worth",
            "Cities": [
                "Bolan",
                "Fertile",
                "Grafton",
                "Hanlontown",
                "Joice",
                "Kensett",
                "Manly",
                "Northwood"
            ],
            "Timezone": {
                "Name": "Central",
                "Zone": "US/Central",
                "UTC_Offset": "-06:00"
            }
        },
        {
            "County Name": "Wright",
            "Cities": [
                "Belmond",
                "Clarion",
                "Eagle Grove",
                "Goldfield",
                "Rowan",
                "Thor"
            ],
            "Timezone": {
                "Name": "Central",
                "Zone": "US/Central",
                "UTC_Offset": "-06:00"
            }
        }
    ],
    "website": "https://www.mydripnurse.com",
    "ownerName": "Keishla",
    "ownerLastName": "Caraballo",
    "phone": "9392749203",
    "email": "keyla03@live.com",
    "twilio": {
        "sid": "secret",
        "authToken": "secret"
    },
    "mailgun": {
        "apiKey": "secret",
        "domain": "secret"
    },
    "customValues": {
        "businessInformation": {
            "favicon": "https://storage.googleapis.com/msgsndr/vMfl1L5xb2wJfNFNW5fb/media/656c2a9fe33f7c575831e093.png",
            "businessPhone": ""
        },
        "ivTherapyPrice": {
            "myersCocktailPrice": "299",
            "alleviatePrice": "219",
            "brainStormPrice": "199",
            "getLeanPrice": "179",
            "immunityDefensePrice": "279",
            "immunityDefenseAndGlutathionePrice": "299",
            "hangoverPrice": "219",
            "hydratePrice": "219",
            "nadPrice": "599",
            "nadBoostPrice": "797",
            "recoveryPerformancePrice": "219",
            "theGlowPrice": "199"
        },
        "vitaminPrice": {
            "vitaminD3": "100",
            "bComplex": "70",
            "biotin": "75",
            "vitaminC": "70",
            "aminoBlend": "80",
            "glutathione": "90",
            "lipoMino": "120",
            "triImmuneBoost": "120",
            "vitaminB12": "70",
            "ondansetron": "70"
        },
        "facebook": {
            "accessToken": "secret",
            "facebookPixel": "secret",
            "instagramUrl": "https://www.instagram.com/mydripnurse/",
            "facebookUrl": "https://www.facebook.com/MyDripNurse"
        }
    },
    "businessInformation": {
        "snapshotId": "secret",
        "companyId": "secret"
    }
}