{
    "Counties": [
        {
            "County Name": "Acadia Parish",
            "Cities": [
                "Church Point",
                "Crowley",
                "Duson",
                "Egan",
                "Estherwood",
                "Iota",
                "Mermentau",
                "Morse",
                "Rayne"
            ],
            "Timezone": {
                "Name": "Central",
                "Zone": "US/Central",
                "UTC_Offset": "-06:00"
            }
        },
        {
            "County Name": "Allen Parish",
            "Cities": [
                "Elizabeth",
                "Kinder",
                "Oakdale",
                "Oberlin"
            ],
            "Timezone": {
                "Name": "Central",
                "Zone": "US/Central",
                "UTC_Offset": "-06:00"
            }
        },
        {
            "County Name": "Ascension Parish",
            "Cities": [
                "Donaldsonville",
                "Gonzales",
                "Sorrento"
            ],
            "Timezone": {
                "Name": "Central",
                "Zone": "US/Central",
                "UTC_Offset": "-06:00"
            }
        },
        {
            "County Name": "Assumption Parish",
            "Cities": [
                "Belle Rose",
                "Labadieville",
                "Napoleonville",
                "Paincourtville",
                "Pierre Part"
            ],
            "Timezone": {
                "Name": "Central",
                "Zone": "US/Central",
                "UTC_Offset": "-06:00"
            }
        },
        {
            "County Name": "Avoyelles Parish",
            "Cities": [
                "Bunkie",
                "Evergreen",
                "Hessmer",
                "Marksville",
                "Moreauville",
                "Plaucheville",
                "Simmesport"
            ],
            "Timezone": {
                "Name": "Central",
                "Zone": "US/Central",
                "UTC_Offset": "-06:00"
            }
        },
        {
            "County Name": "Beauregard Parish",
            "Cities": [
                "DeRidder"
            ],
            "Timezone": {
                "Name": "Central",
                "Zone": "US/Central",
                "UTC_Offset": "-06:00"
            }
        },
        {
            "County Name": "Bienville Parish",
            "Cities": [
                "Arcadia",
                "Bienville",
                "Castor",
                "Gibsland",
                "Lucky",
                "Ringgold"
            ],
            "Timezone": {
                "Name": "Central",
                "Zone": "US/Central",
                "UTC_Offset": "-06:00"
            }
        },
        {
            "County Name": "Bossier Parish",
            "Cities": [
                "Bossier City",
                "Benton",
                "Haughton",
                "Plain Dealing"
            ],
            "Timezone": {
                "Name": "Central",
                "Zone": "US/Central",
                "UTC_Offset": "-06:00"
            }
        },
        {
            "County Name": "Caddo Parish",
            "Cities": [
                "Blanchard",
                "Greenwood",
                "Mooringsport",
                "Oil City",
                "Rodessa",
                "Shreveport",
                "Vivian"
            ],
            "Timezone": {
                "Name": "Central",
                "Zone": "US/Central",
                "UTC_Offset": "-06:00"
            }
        },
        {
            "County Name": "Calcasieu Parish",
            "Cities": [
                "DeQuincy",
                "Iowa",
                "Lake Charles",
                "Sulphur",
                "Vinton",
                "Westlake"
            ],
            "Timezone": {
                "Name": "Central",
                "Zone": "US/Central",
                "UTC_Offset": "-06:00"
            }
        },
        {
            "County Name": "Caldwell Parish",
            "Cities": [
                "Columbia",
                "Grayson"
            ],
            "Timezone": {
                "Name": "Central",
                "Zone": "US/Central",
                "UTC_Offset": "-06:00"
            }
        },
        {
            "County Name": "Cameron Parish",
            "Cities": [
                "Cameron",
                "Creole",
                "Grand Chenier",
                "Hackberry",
                "Johnson Bayou"
            ],
            "Timezone": {
                "Name": "Central",
                "Zone": "US/Central",
                "UTC_Offset": "-06:00"
            }
        },
        {
            "County Name": "Catahoula Parish",
            "Cities": [
                "Ferriday",
                "Harrisonburg",
                "Jonesville",
                "Sicily Island"
            ],
            "Timezone": {
                "Name": "Central",
                "Zone": "US/Central",
                "UTC_Offset": "-06:00"
            }
        },
        {
            "County Name": "Claiborne Parish",
            "Cities": [
                "Athens",
                "Homer",
                "Haynesville",
                "Lisbon"
            ],
            "Timezone": {
                "Name": "Central",
                "Zone": "US/Central",
                "UTC_Offset": "-06:00"
            }
        },
        {
            "County Name": "Concordia Parish",
            "Cities": [
                "Ferriday",
                "Vidalia"
            ],
            "Timezone": {
                "Name": "Central",
                "Zone": "US/Central",
                "UTC_Offset": "-06:00"
            }
        },
        {
            "County Name": "De Soto Parish",
            "Cities": [
                "Logansport",
                "Mansfield",
                "Stonewall"
            ],
            "Timezone": {
                "Name": "Central",
                "Zone": "US/Central",
                "UTC_Offset": "-06:00"
            }
        },
        {
            "County Name": "East Baton Rouge Parish",
            "Cities": [
                "Baker",
                "Baton Rouge",
                "Central",
                "Zachary"
            ],
            "Timezone": {
                "Name": "Central",
                "Zone": "US/Central",
                "UTC_Offset": "-06:00"
            }
        },
        {
            "County Name": "East Carroll Parish",
            "Cities": [
                "Lake Providence"
            ],
            "Timezone": {
                "Name": "Central",
                "Zone": "US/Central",
                "UTC_Offset": "-06:00"
            }
        },
        {
            "County Name": "East Feliciana Parish",
            "Cities": [
                "Clinton",
                "Jackson",
                "Slaughter"
            ],
            "Timezone": {
                "Name": "Central",
                "Zone": "US/Central",
                "UTC_Offset": "-06:00"
            }
        },
        {
            "County Name": "Evangeline Parish",
            "Cities": [
                "Basile",
                "Mamou",
                "Pine Prairie",
                "Ville Platte"
            ],
            "Timezone": {
                "Name": "Central",
                "Zone": "US/Central",
                "UTC_Offset": "-06:00"
            }
        },
        {
            "County Name": "Franklin Parish",
            "Cities": [
                "Baskin",
                "Gilbert",
                "Mangham",
                "Winnsboro"
            ],
            "Timezone": {
                "Name": "Central",
                "Zone": "US/Central",
                "UTC_Offset": "-06:00"
            }
        },
        {
            "County Name": "Grant Parish",
            "Cities": [
                "Colfax",
                "Montgomery",
                "Pollock"
            ],
            "Timezone": {
                "Name": "Central",
                "Zone": "US/Central",
                "UTC_Offset": "-06:00"
            }
        },
        {
            "County Name": "Iberia Parish",
            "Cities": [
                "Delcambre",
                "Jeanerette",
                "Loreauville",
                "New Iberia"
            ],
            "Timezone": {
                "Name": "Central",
                "Zone": "US/Central",
                "UTC_Offset": "-06:00"
            }
        },
        {
            "County Name": "Iberville Parish",
            "Cities": [
                "Grosse Tete",
                "Maringouin",
                "Plaquemine",
                "Rosedale",
                "St. Gabriel",
                "White Castle"
            ],
            "Timezone": {
                "Name": "Central",
                "Zone": "US/Central",
                "UTC_Offset": "-06:00"
            }
        },
        {
            "County Name": "Jackson Parish",
            "Cities": [
                "Chatham",
                "Eros",
                "Hodge",
                "Jonesboro"
            ],
            "Timezone": {
                "Name": "Central",
                "Zone": "US/Central",
                "UTC_Offset": "-06:00"
            }
        },
        {
            "County Name": "Jefferson Davis Parish",
            "Cities": [
                "Elton",
                "Fenton",
                "Iowa",
                "Jennings",
                "Welsh"
            ],
            "Timezone": {
                "Name": "Central",
                "Zone": "US/Central",
                "UTC_Offset": "-06:00"
            }
        },
        {
            "County Name": "Jefferson Parish",
            "Cities": [
                "Gretna",
                "Harahan",
                "Jean Lafitte",
                "Kenner",
                "Westwego"
            ],
            "Timezone": {
                "Name": "Central",
                "Zone": "US/Central",
                "UTC_Offset": "-06:00"
            }
        },
        {
            "County Name": "Lafayette Parish",
            "Cities": [
                "Broussard",
                "Carencro",
                "Duson",
                "Lafayette",
                "Scott",
                "Youngsville"
            ],
            "Timezone": {
                "Name": "Central",
                "Zone": "US/Central",
                "UTC_Offset": "-06:00"
            }
        },
        {
            "County Name": "Lafourche Parish",
            "Cities": [
                "Golden Meadow",
                "Lockport",
                "Raceland",
                "Thibodaux"
            ],
            "Timezone": {
                "Name": "Central",
                "Zone": "US/Central",
                "UTC_Offset": "-06:00"
            }
        },
        {
            "County Name": "LaSalle Parish",
            "Cities": [
                "Jena",
                "Olla"
            ],
            "Timezone": {
                "Name": "Central",
                "Zone": "US/Central",
                "UTC_Offset": "-06:00"
            }
        },
        {
            "County Name": "Lincoln Parish",
            "Cities": [
                "Dubach",
                "Gibsland",
                "Ruston",
                "Simsboro"
            ],
            "Timezone": {
                "Name": "Central",
                "Zone": "US/Central",
                "UTC_Offset": "-06:00"
            }
        },
        {
            "County Name": "Livingston Parish",
            "Cities": [
                "Albany",
                "Denham Springs",
                "French Settlement",
                "Livingston",
                "Springfield",
                "Walker"
            ],
            "Timezone": {
                "Name": "Central",
                "Zone": "US/Central",
                "UTC_Offset": "-06:00"
            }
        },
        {
            "County Name": "Madison Parish",
            "Cities": [
                "Delta",
                "Tallulah"
            ],
            "Timezone": {
                "Name": "Central",
                "Zone": "US/Central",
                "UTC_Offset": "-06:00"
            }
        },
        {
            "County Name": "Morehouse Parish",
            "Cities": [
                "Bastrop",
                "Bonita",
                "Collinston",
                "Mer Rouge"
            ],
            "Timezone": {
                "Name": "Central",
                "Zone": "US/Central",
                "UTC_Offset": "-06:00"
            }
        },
        {
            "County Name": "Natchitoches Parish",
            "Cities": [
                "Campti",
                "Clarence",
                "Natchitoches",
                "Provencal"
            ],
            "Timezone": {
                "Name": "Central",
                "Zone": "US/Central",
                "UTC_Offset": "-06:00"
            }
        },
        {
            "County Name": "Orleans Parish",
            "Cities": [
                "New Orleans"
            ],
            "Timezone": {
                "Name": "Central",
                "Zone": "US/Central",
                "UTC_Offset": "-06:00"
            }
        },
        {
            "County Name": "Ouachita Parish",
            "Cities": [
                "Monroe",
                "Richwood",
                "Sterlington",
                "West Monroe"
            ],
            "Timezone": {
                "Name": "Central",
                "Zone": "US/Central",
                "UTC_Offset": "-06:00"
            }
        },
        {
            "County Name": "Plaquemines Parish",
            "Cities": [
                "Belle Chasse",
                "Grand Isle",
                "Port Sulphur",
                "Venice"
            ],
            "Timezone": {
                "Name": "Central",
                "Zone": "US/Central",
                "UTC_Offset": "-06:00"
            }
        },
        {
            "County Name": "Pointe Coupee Parish",
            "Cities": [
                "Fordoche",
                "Livonia",
                "Morganza",
                "New Roads"
            ],
            "Timezone": {
                "Name": "Central",
                "Zone": "US/Central",
                "UTC_Offset": "-06:00"
            }
        },
        {
            "County Name": "Rapides Parish",
            "Cities": [
                "Alexandria",
                "Ball",
                "Cheneyville",
                "Glenmora",
                "Lecompte",
                "Pineville",
                "Woodworth"
            ],
            "Timezone": {
                "Name": "Central",
                "Zone": "US/Central",
                "UTC_Offset": "-06:00"
            }
        },
        {
            "County Name": "Red River Parish",
            "Cities": [
                "Coushatta"
            ],
            "Timezone": {
                "Name": "Central",
                "Zone": "US/Central",
                "UTC_Offset": "-06:00"
            }
        },
        {
            "County Name": "Richland Parish",
            "Cities": [
                "Delhi",
                "Mangham",
                "Rayville"
            ],
            "Timezone": {
                "Name": "Central",
                "Zone": "US/Central",
                "UTC_Offset": "-06:00"
            }
        },
        {
            "County Name": "Sabine Parish",
            "Cities": [
                "Florien",
                "Many",
                "Zwolle"
            ],
            "Timezone": {
                "Name": "Central",
                "Zone": "US/Central",
                "UTC_Offset": "-06:00"
            }
        },
        {
            "County Name": "St. Bernard Parish",
            "Cities": [
                "Arabi",
                "Chalmette"
            ],
            "Timezone": {
                "Name": "Central",
                "Zone": "US/Central",
                "UTC_Offset": "-06:00"
            }
        },
        {
            "County Name": "St. Charles Parish",
            "Cities": [
                "Boutte",
                "Des Allemands",
                "Hahnville",
                "Luling",
                "Norco",
                "Paradis"
            ],
            "Timezone": {
                "Name": "Central",
                "Zone": "US/Central",
                "UTC_Offset": "-06:00"
            }
        },
        {
            "County Name": "St. Helena Parish",
            "Cities": [
                "Greensburg",
                "Montpelier"
            ],
            "Timezone": {
                "Name": "Central",
                "Zone": "US/Central",
                "UTC_Offset": "-06:00"
            }
        },
        {
            "County Name": "St. James Parish",
            "Cities": [
                "Convent",
                "Gramercy",
                "Lutcher",
                "Paulina",
                "Vacherie"
            ],
            "Timezone": {
                "Name": "Central",
                "Zone": "US/Central",
                "UTC_Offset": "-06:00"
            }
        },
        {
            "County Name": "St. John the Baptist Parish",
            "Cities": [
                "Garyville",
                "LaPlace",
                "Reserve"
            ],
            "Timezone": {
                "Name": "Central",
                "Zone": "US/Central",
                "UTC_Offset": "-06:00"
            }
        },
        {
            "County Name": "St. Landry Parish",
            "Cities": [
                "Arnaudville",
                "Cankton",
                "Eunice",
                "Grand Coteau",
                "Krotz Springs",
                "Leonville",
                "Opelousas",
                "Port Barre",
                "Sunset",
                "Washington"
            ],
            "Timezone": {
                "Name": "Central",
                "Zone": "US/Central",
                "UTC_Offset": "-06:00"
            }
        },
        {
            "County Name": "St. Martin Parish",
            "Cities": [
                "Breaux Bridge",
                "St. Martinville"
            ],
            "Timezone": {
                "Name": "Central",
                "Zone": "US/Central",
                "UTC_Offset": "-06:00"
            }
        },
        {
            "County Name": "St. Mary Parish",
            "Cities": [
                "Amelia",
                "Baldwin",
                "Berwick",
                "Franklin",
                "Morgan City",
                "Patterson"
            ],
            "Timezone": {
                "Name": "Central",
                "Zone": "US/Central",
                "UTC_Offset": "-06:00"
            }
        },
        {
            "County Name": "St. Tammany Parish",
            "Cities": [
                "Abita Springs",
                "Covington",
                "Lacombe",
                "Mandeville",
                "Madisonville",
                "Pearl River",
                "Slidell"
            ],
            "Timezone": {
                "Name": "Central",
                "Zone": "US/Central",
                "UTC_Offset": "-06:00"
            }
        },
        {
            "County Name": "Tangipahoa Parish",
            "Cities": [
                "Amite City",
                "Hammond",
                "Independence",
                "Kentwood",
                "Ponchatoula",
                "Roseland"
            ],
            "Timezone": {
                "Name": "Central",
                "Zone": "US/Central",
                "UTC_Offset": "-06:00"
            }
        },
        {
            "County Name": "Tensas Parish",
            "Cities": [
                "Newellton",
                "St. Joseph"
            ],
            "Timezone": {
                "Name": "Central",
                "Zone": "US/Central",
                "UTC_Offset": "-06:00"
            }
        },
        {
            "County Name": "Terrebonne Parish",
            "Cities": [
                "Dulac",
                "Gray",
                "Houma",
                "Montegut",
                "Schriever"
            ],
            "Timezone": {
                "Name": "Central",
                "Zone": "US/Central",
                "UTC_Offset": "-06:00"
            }
        },
        {
            "County Name": "Union Parish",
            "Cities": [
                "Bernice",
                "Farmerville",
                "Marion"
            ],
            "Timezone": {
                "Name": "Central",
                "Zone": "US/Central",
                "UTC_Offset": "-06:00"
            }
        },
        {
            "County Name": "Vermilion Parish",
            "Cities": [
                "Abbeville",
                "Delcambre",
                "Erath",
                "Gueydan",
                "Kaplan",
                "Maurice"
            ],
            "Timezone": {
                "Name": "Central",
                "Zone": "US/Central",
                "UTC_Offset": "-06:00"
            }
        },
        {
            "County Name": "Vernon Parish",
            "Cities": [
                "Anacoco",
                "Hornbeck",
                "Leesville",
                "New Llano",
                "Rosepine"
            ],
            "Timezone": {
                "Name": "Central",
                "Zone": "US/Central",
                "UTC_Offset": "-06:00"
            }
        },
        {
            "County Name": "Washington Parish",
            "Cities": [
                "Bogalusa",
                "Franklinton"
            ],
            "Timezone": {
                "Name": "Central",
                "Zone": "US/Central",
                "UTC_Offset": "-06:00"
            }
        },
        {
            "County Name": "Webster Parish",
            "Cities": [
                "Cotton Valley",
                "Cullen",
                "Doyline",
                "Gibsland",
                "Minden",
                "Sibley",
                "Springhill"
            ],
            "Timezone": {
                "Name": "Central",
                "Zone": "US/Central",
                "UTC_Offset": "-06:00"
            }
        },
        {
            "County Name": "West Baton Rouge Parish",
            "Cities": [
                "Addis",
                "Brusly",
                "Port Allen"
            ],
            "Timezone": {
                "Name": "Central",
                "Zone": "US/Central",
                "UTC_Offset": "-06:00"
            }
        },
        {
            "County Name": "West Carroll Parish",
            "Cities": [
                "Oak Grove"
            ],
            "Timezone": {
                "Name": "Central",
                "Zone": "US/Central",
                "UTC_Offset": "-06:00"
            }
        },
        {
            "County Name": "West Feliciana Parish",
            "Cities": [
                "St. Francisville"
            ],
            "Timezone": {
                "Name": "Central",
                "Zone": "US/Central",
                "UTC_Offset": "-06:00"
            }
        },
        {
            "County Name": "Winn Parish",
            "Cities": [
                "Dodson",
                "Winnfield"
            ],
            "Timezone": {
                "Name": "Central",
                "Zone": "US/Central",
                "UTC_Offset": "-06:00"
            }
        }
    ],
    "website": "https://www.mydripnurse.com",
    "ownerName": "Keishla",
    "ownerLastName": "Caraballo",
    "phone": "9392749203",
    "email": "keyla03@live.com",
    "twilio": {
        "sid": "secret",
        "authToken": "secret"
    },
    "mailgun": {
        "apiKey": "secret",
        "domain": "secret"
    },
    "customValues": {
        "businessInformation": {
            "favicon": "https://storage.googleapis.com/msgsndr/vMfl1L5xb2wJfNFNW5fb/media/656c2a9fe33f7c575831e093.png",
            "businessPhone": ""
        },
        "ivTherapyPrice": {
            "myersCocktailPrice": "299",
            "alleviatePrice": "219",
            "brainStormPrice": "199",
            "getLeanPrice": "179",
            "immunityDefensePrice": "279",
            "immunityDefenseAndGlutathionePrice": "299",
            "hangoverPrice": "219",
            "hydratePrice": "219",
            "nadPrice": "599",
            "nadBoostPrice": "797",
            "recoveryPerformancePrice": "219",
            "theGlowPrice": "199"
        },
        "vitaminPrice": {
            "vitaminD3": "100",
            "bComplex": "70",
            "biotin": "75",
            "vitaminC": "70",
            "aminoBlend": "80",
            "glutathione": "90",
            "lipoMino": "120",
            "triImmuneBoost": "120",
            "vitaminB12": "70",
            "ondansetron": "70"
        },
        "facebook": {
            "accessToken": "secret",
            "facebookPixel": "secret",
            "instagramUrl": "https://www.instagram.com/mydripnurse/",
            "facebookUrl": "https://www.facebook.com/MyDripNurse"
        }
    },
    "businessInformation": {
        "snapshotId": "secret",
        "companyId": "secret"
    }
}