{
    "Counties": [
        {
            "County Name": "Adams",
            "Cities": [
                "Cloverdale",
                "Morgantown",
                "Natchez"
            ],
            "Timezone": {
                "Name": "Central",
                "Zone": "US/Central",
                "UTC_Offset": "-06:00"
            }
        },
        {
            "County Name": "Alcorn",
            "Cities": [
                "Corinth",
                "Farmington",
                "Glen",
                "Kossuth",
                "Rienzi"
            ],
            "Timezone": {
                "Name": "Central",
                "Zone": "US/Central",
                "UTC_Offset": "-06:00"
            }
        },
        {
            "County Name": "Amite",
            "Cities": [
                "Crosby",
                "Gloster",
                "Liberty"
            ],
            "Timezone": {
                "Name": "Central",
                "Zone": "US/Central",
                "UTC_Offset": "-06:00"
            }
        },
        {
            "County Name": "Attala",
            "Cities": [
                "Ethel",
                "Kosciusko",
                "McCool",
                "Sallis"
            ],
            "Timezone": {
                "Name": "Central",
                "Zone": "US/Central",
                "UTC_Offset": "-06:00"
            }
        },
        {
            "County Name": "Benton",
            "Cities": [
                "Ashland",
                "Hickory Flat",
                "Snow Lake Shores"
            ],
            "Timezone": {
                "Name": "Central",
                "Zone": "US/Central",
                "UTC_Offset": "-06:00"
            }
        },
        {
            "County Name": "Bolivar",
            "Cities": [
                "Alligator",
                "Benoit",
                "Beulah",
                "Boyle",
                "Cleveland",
                "Duncan",
                "Gunnison",
                "Merigold",
                "Mound Bayou",
                "Pace",
                "Renova",
                "Rosedale",
                "Shaw",
                "Shelby",
                "Winstonville"
            ],
            "Timezone": {
                "Name": "Central",
                "Zone": "US/Central",
                "UTC_Offset": "-06:00"
            }
        },
        {
            "County Name": "Calhoun",
            "Cities": [
                "Big Creek",
                "Bruce",
                "Calhoun City",
                "Derma",
                "Pittsboro",
                "Slate Springs",
                "Vardaman"
            ],
            "Timezone": {
                "Name": "Central",
                "Zone": "US/Central",
                "UTC_Offset": "-06:00"
            }
        },
        {
            "County Name": "Carroll",
            "Cities": [
                "Carrollton",
                "North Carrollton",
                "Vaiden"
            ],
            "Timezone": {
                "Name": "Central",
                "Zone": "US/Central",
                "UTC_Offset": "-06:00"
            }
        },
        {
            "County Name": "Chickasaw",
            "Cities": [
                "Houston",
                "New Houlka",
                "Okolona",
                "Woodland"
            ],
            "Timezone": {
                "Name": "Central",
                "Zone": "US/Central",
                "UTC_Offset": "-06:00"
            }
        },
        {
            "County Name": "Choctaw",
            "Cities": [
                "Ackerman",
                "French Camp",
                "Weir"
            ],
            "Timezone": {
                "Name": "Central",
                "Zone": "US/Central",
                "UTC_Offset": "-06:00"
            }
        },
        {
            "County Name": "Claiborne",
            "Cities": [
                "Alcorn State University",
                "Port Gibson"
            ],
            "Timezone": {
                "Name": "Central",
                "Zone": "US/Central",
                "UTC_Offset": "-06:00"
            }
        },
        {
            "County Name": "Clarke",
            "Cities": [
                "Enterprise",
                "Pachuta",
                "Quitman",
                "Shubuta",
                "Stonewall"
            ],
            "Timezone": {
                "Name": "Central",
                "Zone": "US/Central",
                "UTC_Offset": "-06:00"
            }
        },
        {
            "County Name": "Clay",
            "Cities": [
                "West Point"
            ],
            "Timezone": {
                "Name": "Central",
                "Zone": "US/Central",
                "UTC_Offset": "-06:00"
            }
        },
        {
            "County Name": "Coahoma",
            "Cities": [
                "Clarksdale",
                "Coahoma",
                "Farrell",
                "Friars Point",
                "Jonestown",
                "Lula",
                "Lyon"
            ],
            "Timezone": {
                "Name": "Central",
                "Zone": "US/Central",
                "UTC_Offset": "-06:00"
            }
        },
        {
            "County Name": "Copiah",
            "Cities": [
                "Beauregard",
                "Crystal Springs",
                "Georgetown",
                "Hazlehurst",
                "Wesson"
            ],
            "Timezone": {
                "Name": "Central",
                "Zone": "US/Central",
                "UTC_Offset": "-06:00"
            }
        },
        {
            "County Name": "Covington",
            "Cities": [
                "Collins",
                "Mount Olive",
                "Seminary"
            ],
            "Timezone": {
                "Name": "Central",
                "Zone": "US/Central",
                "UTC_Offset": "-06:00"
            }
        },
        {
            "County Name": "DeSoto",
            "Cities": [
                "Bridgetown",
                "Hernando",
                "Horn Lake",
                "Lynchburg",
                "Olive Branch",
                "Southaven",
                "Walls"
            ],
            "Timezone": {
                "Name": "Central",
                "Zone": "US/Central",
                "UTC_Offset": "-06:00"
            }
        },
        {
            "County Name": "Forrest",
            "Cities": [
                "Glendale",
                "Hattiesburg",
                "Petal",
                "Rawls Springs"
            ],
            "Timezone": {
                "Name": "Central",
                "Zone": "US/Central",
                "UTC_Offset": "-06:00"
            }
        },
        {
            "County Name": "Franklin",
            "Cities": [
                "Bude",
                "Meadville",
                "Roxie"
            ],
            "Timezone": {
                "Name": "Central",
                "Zone": "US/Central",
                "UTC_Offset": "-06:00"
            }
        },
        {
            "County Name": "George",
            "Cities": [
                "Lucedale"
            ],
            "Timezone": {
                "Name": "Central",
                "Zone": "US/Central",
                "UTC_Offset": "-06:00"
            }
        },
        {
            "County Name": "Greene",
            "Cities": [
                "Leakesville",
                "McLain",
                "State Line"
            ],
            "Timezone": {
                "Name": "Central",
                "Zone": "US/Central",
                "UTC_Offset": "-06:00"
            }
        },
        {
            "County Name": "Grenada",
            "Cities": [
                "Elliott",
                "Grenada",
                "Holcomb"
            ],
            "Timezone": {
                "Name": "Central",
                "Zone": "US/Central",
                "UTC_Offset": "-06:00"
            }
        },
        {
            "County Name": "Hancock",
            "Cities": [
                "Bay St. Louis",
                "Diamondhead",
                "Kiln",
                "Pearlington",
                "Waveland"
            ],
            "Timezone": {
                "Name": "Central",
                "Zone": "US/Central",
                "UTC_Offset": "-06:00"
            }
        },
        {
            "County Name": "Harrison",
            "Cities": [
                "Biloxi",
                "D'Iberville",
                "DeLisle",
                "Gulfport",
                "Henderson Point",
                "Long Beach",
                "Lyman",
                "Pass Christian",
                "Saucier"
            ],
            "Timezone": {
                "Name": "Central",
                "Zone": "US/Central",
                "UTC_Offset": "-06:00"
            }
        },
        {
            "County Name": "Hinds",
            "Cities": [
                "Bolton",
                "Byram",
                "Clinton",
                "Edwards",
                "Jackson",
                "Learned",
                "Raymond",
                "Terry",
                "Utica"
            ],
            "Timezone": {
                "Name": "Central",
                "Zone": "US/Central",
                "UTC_Offset": "-06:00"
            }
        },
        {
            "County Name": "Holmes",
            "Cities": [
                "Cruger",
                "Durant",
                "Goodman",
                "Lexington",
                "Pickens",
                "Tchula",
                "West"
            ],
            "Timezone": {
                "Name": "Central",
                "Zone": "US/Central",
                "UTC_Offset": "-06:00"
            }
        },
        {
            "County Name": "Humphreys",
            "Cities": [
                "Belzoni",
                "Isola",
                "Louise",
                "Silver City"
            ],
            "Timezone": {
                "Name": "Central",
                "Zone": "US/Central",
                "UTC_Offset": "-06:00"
            }
        },
        {
            "County Name": "Issaquena",
            "Cities": [
                "Mayersville"
            ],
            "Timezone": {
                "Name": "Central",
                "Zone": "US/Central",
                "UTC_Offset": "-06:00"
            }
        },
        {
            "County Name": "Itawamba",
            "Cities": [
                "Fulton",
                "Mantachie",
                "Tremont"
            ],
            "Timezone": {
                "Name": "Central",
                "Zone": "US/Central",
                "UTC_Offset": "-06:00"
            }
        },
        {
            "County Name": "Jackson",
            "Cities": [
                "Big Point",
                "Escatawpa",
                "Gautier",
                "Gulf Hills",
                "Gulf Park Estates",
                "Helena",
                "Hurley",
                "Latimer",
                "Moss Point",
                "Ocean Springs",
                "Pascagoula",
                "St. Martin",
                "Vancleave",
                "Wade"
            ],
            "Timezone": {
                "Name": "Central",
                "Zone": "US/Central",
                "UTC_Offset": "-06:00"
            }
        },
        {
            "County Name": "Jasper",
            "Cities": [
                "Bay Springs",
                "Heidelberg",
                "Louin",
                "Montrose"
            ],
            "Timezone": {
                "Name": "Central",
                "Zone": "US/Central",
                "UTC_Offset": "-06:00"
            }
        },
        {
            "County Name": "Jefferson",
            "Cities": [
                "Fayette"
            ],
            "Timezone": {
                "Name": "Central",
                "Zone": "US/Central",
                "UTC_Offset": "-06:00"
            }
        },
        {
            "County Name": "Jefferson Davis",
            "Cities": [
                "Bassfield",
                "Prentiss"
            ],
            "Timezone": {
                "Name": "Central",
                "Zone": "US/Central",
                "UTC_Offset": "-06:00"
            }
        },
        {
            "County Name": "Jones",
            "Cities": [
                "Ellisville",
                "Laurel",
                "Sandersville",
                "Sharon",
                "Soso"
            ],
            "Timezone": {
                "Name": "Central",
                "Zone": "US/Central",
                "UTC_Offset": "-06:00"
            }
        },
        {
            "County Name": "Kemper",
            "Cities": [
                "De Kalb",
                "Scooba"
            ],
            "Timezone": {
                "Name": "Central",
                "Zone": "US/Central",
                "UTC_Offset": "-06:00"
            }
        },
        {
            "County Name": "Lafayette",
            "Cities": [
                "Abbeville",
                "Oxford",
                "Taylor",
                "University"
            ],
            "Timezone": {
                "Name": "Central",
                "Zone": "US/Central",
                "UTC_Offset": "-06:00"
            }
        },
        {
            "County Name": "Lamar",
            "Cities": [
                "Arnold Line",
                "Lumberton",
                "Purvis",
                "Sumrall",
                "West Hattiesburg"
            ],
            "Timezone": {
                "Name": "Central",
                "Zone": "US/Central",
                "UTC_Offset": "-06:00"
            }
        },
        {
            "County Name": "Lauderdale",
            "Cities": [
                "Collinsville",
                "Lauderdale",
                "Marion",
                "Meridian",
                "Meridian Station",
                "Nellieburg",
                "Toomsuba"
            ],
            "Timezone": {
                "Name": "Central",
                "Zone": "US/Central",
                "UTC_Offset": "-06:00"
            }
        },
        {
            "County Name": "Lawrence",
            "Cities": [
                "Monticello",
                "New Hebron",
                "Silver Creek"
            ],
            "Timezone": {
                "Name": "Central",
                "Zone": "US/Central",
                "UTC_Offset": "-06:00"
            }
        },
        {
            "County Name": "Leake",
            "Cities": [
                "Carthage",
                "Lena",
                "Redwater",
                "Standing Pine",
                "Walnut Grove"
            ],
            "Timezone": {
                "Name": "Central",
                "Zone": "US/Central",
                "UTC_Offset": "-06:00"
            }
        },
        {
            "County Name": "Lee",
            "Cities": [
                "Baldwyn",
                "Guntown",
                "Mooreville",
                "Nettleton",
                "Plantersville",
                "Saltillo",
                "Shannon",
                "Tupelo",
                "Verona"
            ],
            "Timezone": {
                "Name": "Central",
                "Zone": "US/Central",
                "UTC_Offset": "-06:00"
            }
        },
        {
            "County Name": "Leflore",
            "Cities": [
                "Greenwood",
                "Itta Bena",
                "Mississippi Valley State University",
                "Morgan City",
                "Schlater",
                "Sidon"
            ],
            "Timezone": {
                "Name": "Central",
                "Zone": "US/Central",
                "UTC_Offset": "-06:00"
            }
        },
        {
            "County Name": "Lincoln",
            "Cities": [
                "Brookhaven"
            ],
            "Timezone": {
                "Name": "Central",
                "Zone": "US/Central",
                "UTC_Offset": "-06:00"
            }
        },
        {
            "County Name": "Lowndes",
            "Cities": [
                "Artesia",
                "Caledonia",
                "Columbus",
                "Columbus AFB",
                "Crawford",
                "New Hope"
            ],
            "Timezone": {
                "Name": "Central",
                "Zone": "US/Central",
                "UTC_Offset": "-06:00"
            }
        },
        {
            "County Name": "Madison",
            "Cities": [
                "Canton",
                "Flora",
                "Kearney Park",
                "Madison",
                "Ridgeland"
            ],
            "Timezone": {
                "Name": "Central",
                "Zone": "US/Central",
                "UTC_Offset": "-06:00"
            }
        },
        {
            "County Name": "Marion",
            "Cities": [
                "Columbia",
                "Foxworth"
            ],
            "Timezone": {
                "Name": "Central",
                "Zone": "US/Central",
                "UTC_Offset": "-06:00"
            }
        },
        {
            "County Name": "Marshall",
            "Cities": [
                "Byhalia",
                "Holly Springs",
                "Potts Camp"
            ],
            "Timezone": {
                "Name": "Central",
                "Zone": "US/Central",
                "UTC_Offset": "-06:00"
            }
        },
        {
            "County Name": "Monroe",
            "Cities": [
                "Aberdeen",
                "Amory",
                "Gattman",
                "Hamilton",
                "Hatley",
                "New Hamilton",
                "Smithville"
            ],
            "Timezone": {
                "Name": "Central",
                "Zone": "US/Central",
                "UTC_Offset": "-06:00"
            }
        },
        {
            "County Name": "Montgomery",
            "Cities": [
                "Duck Hill",
                "Kilmichael",
                "Winona"
            ],
            "Timezone": {
                "Name": "Central",
                "Zone": "US/Central",
                "UTC_Offset": "-06:00"
            }
        },
        {
            "County Name": "Neshoba",
            "Cities": [
                "Bogue Chitto",
                "Pearl River",
                "Philadelphia",
                "Tucker"
            ],
            "Timezone": {
                "Name": "Central",
                "Zone": "US/Central",
                "UTC_Offset": "-06:00"
            }
        },
        {
            "County Name": "Newton",
            "Cities": [
                "Chunky",
                "Conehatta",
                "Decatur",
                "Hickory",
                "Newton",
                "Union"
            ],
            "Timezone": {
                "Name": "Central",
                "Zone": "US/Central",
                "UTC_Offset": "-06:00"
            }
        },
        {
            "County Name": "Noxubee",
            "Cities": [
                "Brooksville",
                "Macon",
                "Shuqualak"
            ],
            "Timezone": {
                "Name": "Central",
                "Zone": "US/Central",
                "UTC_Offset": "-06:00"
            }
        },
        {
            "County Name": "Oktibbeha",
            "Cities": [
                "Maben",
                "Mississippi State",
                "Starkville",
                "Sturgis"
            ],
            "Timezone": {
                "Name": "Central",
                "Zone": "US/Central",
                "UTC_Offset": "-06:00"
            }
        },
        {
            "County Name": "Panola",
            "Cities": [
                "Batesville",
                "Como",
                "Courtland",
                "Pope",
                "Sardis"
            ],
            "Timezone": {
                "Name": "Central",
                "Zone": "US/Central",
                "UTC_Offset": "-06:00"
            }
        },
        {
            "County Name": "Pearl River",
            "Cities": [
                "Hide-A-Way Lake",
                "Nicholson",
                "Picayune",
                "Poplarville"
            ],
            "Timezone": {
                "Name": "Central",
                "Zone": "US/Central",
                "UTC_Offset": "-06:00"
            }
        },
        {
            "County Name": "Perry",
            "Cities": [
                "Beaumont",
                "New Augusta",
                "Richton"
            ],
            "Timezone": {
                "Name": "Central",
                "Zone": "US/Central",
                "UTC_Offset": "-06:00"
            }
        },
        {
            "County Name": "Pike",
            "Cities": [
                "Magnolia",
                "McComb",
                "Osyka",
                "Summit"
            ],
            "Timezone": {
                "Name": "Central",
                "Zone": "US/Central",
                "UTC_Offset": "-06:00"
            }
        },
        {
            "County Name": "Pontotoc",
            "Cities": [
                "Algoma",
                "Ecru",
                "Pontotoc",
                "Sherman",
                "Thaxton",
                "Toccopola"
            ],
            "Timezone": {
                "Name": "Central",
                "Zone": "US/Central",
                "UTC_Offset": "-06:00"
            }
        },
        {
            "County Name": "Prentiss",
            "Cities": [
                "Booneville",
                "Jumpertown",
                "Marietta"
            ],
            "Timezone": {
                "Name": "Central",
                "Zone": "US/Central",
                "UTC_Offset": "-06:00"
            }
        },
        {
            "County Name": "Quitman",
            "Cities": [
                "Crenshaw",
                "Crowder",
                "Darling",
                "Falcon",
                "Lambert",
                "Marks",
                "Sledge"
            ],
            "Timezone": {
                "Name": "Central",
                "Zone": "US/Central",
                "UTC_Offset": "-06:00"
            }
        },
        {
            "County Name": "Rankin",
            "Cities": [
                "Brandon",
                "Cleary",
                "Florence",
                "Flowood",
                "Pearl",
                "Pelahatchie",
                "Puckett",
                "Richland",
                "Robinhood"
            ],
            "Timezone": {
                "Name": "Central",
                "Zone": "US/Central",
                "UTC_Offset": "-06:00"
            }
        },
        {
            "County Name": "Scott",
            "Cities": [
                "Forest",
                "Hillsboro",
                "Lake",
                "Morton",
                "Sebastopol"
            ],
            "Timezone": {
                "Name": "Central",
                "Zone": "US/Central",
                "UTC_Offset": "-06:00"
            }
        },
        {
            "County Name": "Sharkey",
            "Cities": [
                "Anguilla",
                "Cary",
                "Rolling Fork"
            ],
            "Timezone": {
                "Name": "Central",
                "Zone": "US/Central",
                "UTC_Offset": "-06:00"
            }
        },
        {
            "County Name": "Simpson",
            "Cities": [
                "Braxton",
                "D'Lo",
                "Magee",
                "Mendenhall"
            ],
            "Timezone": {
                "Name": "Central",
                "Zone": "US/Central",
                "UTC_Offset": "-06:00"
            }
        },
        {
            "County Name": "Smith",
            "Cities": [
                "Mize",
                "Polkville",
                "Raleigh",
                "Sylvarena",
                "Taylorsville"
            ],
            "Timezone": {
                "Name": "Central",
                "Zone": "US/Central",
                "UTC_Offset": "-06:00"
            }
        },
        {
            "County Name": "Stone",
            "Cities": [
                "Wiggins"
            ],
            "Timezone": {
                "Name": "Central",
                "Zone": "US/Central",
                "UTC_Offset": "-06:00"
            }
        },
        {
            "County Name": "Sunflower",
            "Cities": [
                "Doddsville",
                "Drew",
                "Indianola",
                "Inverness",
                "Moorhead",
                "Ruleville",
                "Sunflower"
            ],
            "Timezone": {
                "Name": "Central",
                "Zone": "US/Central",
                "UTC_Offset": "-06:00"
            }
        },
        {
            "County Name": "Tallahatchie",
            "Cities": [
                "Charleston",
                "Glendora",
                "Sumner",
                "Tutwiler",
                "Webb"
            ],
            "Timezone": {
                "Name": "Central",
                "Zone": "US/Central",
                "UTC_Offset": "-06:00"
            }
        },
        {
            "County Name": "Tate",
            "Cities": [
                "Coldwater",
                "Senatobia"
            ],
            "Timezone": {
                "Name": "Central",
                "Zone": "US/Central",
                "UTC_Offset": "-06:00"
            }
        },
        {
            "County Name": "Tippah",
            "Cities": [
                "Blue Mountain",
                "Dumas",
                "Falkner",
                "Ripley",
                "Walnut"
            ],
            "Timezone": {
                "Name": "Central",
                "Zone": "US/Central",
                "UTC_Offset": "-06:00"
            }
        },
        {
            "County Name": "Tishomingo",
            "Cities": [
                "Belmont",
                "Burnsville",
                "Golden",
                "Iuka",
                "Paden",
                "Tishomingo"
            ],
            "Timezone": {
                "Name": "Central",
                "Zone": "US/Central",
                "UTC_Offset": "-06:00"
            }
        },
        {
            "County Name": "Tunica",
            "Cities": [
                "North Tunica",
                "Tunica",
                "Tunica Resorts",
                "White Oak"
            ],
            "Timezone": {
                "Name": "Central",
                "Zone": "US/Central",
                "UTC_Offset": "-06:00"
            }
        },
        {
            "County Name": "Union",
            "Cities": [
                "Blue Springs",
                "Myrtle",
                "New Albany"
            ],
            "Timezone": {
                "Name": "Central",
                "Zone": "US/Central",
                "UTC_Offset": "-06:00"
            }
        },
        {
            "County Name": "Walthall",
            "Cities": [
                "Tylertown"
            ],
            "Timezone": {
                "Name": "Central",
                "Zone": "US/Central",
                "UTC_Offset": "-06:00"
            }
        },
        {
            "County Name": "Warren",
            "Cities": [
                "Beechwood",
                "Vicksburg"
            ],
            "Timezone": {
                "Name": "Central",
                "Zone": "US/Central",
                "UTC_Offset": "-06:00"
            }
        },
        {
            "County Name": "Washington",
            "Cities": [
                "Arcola",
                "Greenville",
                "Hollandale",
                "Leland",
                "Metcalfe"
            ],
            "Timezone": {
                "Name": "Central",
                "Zone": "US/Central",
                "UTC_Offset": "-06:00"
            }
        },
        {
            "County Name": "Wayne",
            "Cities": [
                "Buckatunna",
                "Clara",
                "Waynesboro"
            ],
            "Timezone": {
                "Name": "Central",
                "Zone": "US/Central",
                "UTC_Offset": "-06:00"
            }
        },
        {
            "County Name": "Webster",
            "Cities": [
                "Eupora",
                "Mantee",
                "Mathiston",
                "Walthall"
            ],
            "Timezone": {
                "Name": "Central",
                "Zone": "US/Central",
                "UTC_Offset": "-06:00"
            }
        },
        {
            "County Name": "Wilkinson",
            "Cities": [
                "Centreville",
                "Woodville"
            ],
            "Timezone": {
                "Name": "Central",
                "Zone": "US/Central",
                "UTC_Offset": "-06:00"
            }
        },
        {
            "County Name": "Winston",
            "Cities": [
                "Louisville",
                "Noxapater"
            ],
            "Timezone": {
                "Name": "Central",
                "Zone": "US/Central",
                "UTC_Offset": "-06:00"
            }
        },
        {
            "County Name": "Yalobusha",
            "Cities": [
                "Coffeeville",
                "Oakland",
                "Tillatoba",
                "Water Valley"
            ],
            "Timezone": {
                "Name": "Central",
                "Zone": "US/Central",
                "UTC_Offset": "-06:00"
            }
        },
        {
            "County Name": "Yazoo",
            "Cities": [
                "Bentonia",
                "Eden",
                "Satartia",
                "Yazoo City"
            ],
            "Timezone": {
                "Name": "Central",
                "Zone": "US/Central",
                "UTC_Offset": "-06:00"
            }
        }
    ],
    "website": "https://www.mydripnurse.com",
    "ownerName": "Keishla",
    "ownerLastName": "Caraballo",
    "phone": "9392749203",
    "email": "keyla03@live.com",
    "twilio": {
        "sid": "secret",
        "authToken": "secret"
    },
    "mailgun": {
        "apiKey": "secret",
        "domain": "secret"
    },
    "customValues": {
        "businessInformation": {
            "favicon": "https://storage.googleapis.com/msgsndr/vMfl1L5xb2wJfNFNW5fb/media/656c2a9fe33f7c575831e093.png",
            "businessPhone": ""
        },
        "ivTherapyPrice": {
            "myersCocktailPrice": "299",
            "alleviatePrice": "219",
            "brainStormPrice": "199",
            "getLeanPrice": "179",
            "immunityDefensePrice": "279",
            "immunityDefenseAndGlutathionePrice": "299",
            "hangoverPrice": "219",
            "hydratePrice": "219",
            "nadPrice": "599",
            "nadBoostPrice": "797",
            "recoveryPerformancePrice": "219",
            "theGlowPrice": "199"
        },
        "vitaminPrice": {
            "vitaminD3": "100",
            "bComplex": "70",
            "biotin": "75",
            "vitaminC": "70",
            "aminoBlend": "80",
            "glutathione": "90",
            "lipoMino": "120",
            "triImmuneBoost": "120",
            "vitaminB12": "70",
            "ondansetron": "70"
        },
        "facebook": {
            "accessToken": "secret",
            "facebookPixel": "secret",
            "instagramUrl": "https://www.instagram.com/mydripnurse/",
            "facebookUrl": "https://www.facebook.com/MyDripNurse"
        }
    },
    "businessInformation": {
        "snapshotId": "secret",
        "companyId": "secret"
    }
}