{
    "Counties": [
        {
            "County Name": "Audrain",
            "Cities": [
                "Benton City",
                "Martinsburg",
                "Mexico",
                "Riversville",
                "Rush Hill",
                "Thompson",
                "Vandiver Village"
            ],
            "Timezone": {
                "Name": "Central",
                "Zone": "US/Central",
                "UTC_Offset": "-06:00"
            }
        },
        {
            "County Name": "Barry",
            "Cities": [
                "Butterfield",
                "Cassville",
                "Eagle Rock",
                "Exeter",
                "Golden",
                "Monett",
                "Purdy",
                "Seligman",
                "Shell Knob",
                "Viola",
                "Washburn"
            ],
            "Timezone": {
                "Name": "Central",
                "Zone": "US/Central",
                "UTC_Offset": "-06:00"
            }
        },
        {
            "County Name": "Benton",
            "Cities": [
                "Cole Camp",
                "Edwards",
                "Fristoe",
                "Hastain",
                "Ionia",
                "Lakeview Heights",
                "Lincoln",
                "Mount Hulda",
                "Old Fredonia",
                "Palopinto",
                "Racket",
                "Sagrada",
                "Warsaw",
                "Whitakerville",
                "Wisdom"
            ],
            "Timezone": {
                "Name": "Central",
                "Zone": "US/Central",
                "UTC_Offset": "-06:00"
            }
        },
        {
            "County Name": "Boone",
            "Cities": [
                "Centralia",
                "Columbia",
                "Hallsville",
                "Harrisburg",
                "Riggs",
                "Rocheport",
                "Rowena",
                "Sturgeon",
                "Woodlandville",
                "Woodlinville"
            ],
            "Timezone": {
                "Name": "Central",
                "Zone": "US/Central",
                "UTC_Offset": "-06:00"
            }
        },
        {
            "County Name": "Callaway",
            "Cities": [
                "Auxvasse",
                "Bachelor",
                "Calwood",
                "Carrington",
                "Fulton",
                "Hams Prairie",
                "Hatton",
                "Kingdom City",
                "Millersburg"
            ],
            "Timezone": {
                "Name": "Central",
                "Zone": "US/Central",
                "UTC_Offset": "-06:00"
            }
        },
        {
            "County Name": "Camden",
            "Cities": [
                "Branch",
                "Climax Springs",
                "Macks Creek",
                "Montreal",
                "Roach"
            ],
            "Timezone": {
                "Name": "Central",
                "Zone": "US/Central",
                "UTC_Offset": "-06:00"
            }
        },
        {
            "County Name": "Cedar",
            "Cities": [
                "Caplinger Mills",
                "Stockton"
            ],
            "Timezone": {
                "Name": "Central",
                "Zone": "US/Central",
                "UTC_Offset": "-06:00"
            }
        },
        {
            "County Name": "Chariton",
            "Cities": [
                "Brunswick",
                "Bynumville",
                "Dalton",
                "Forest Green",
                "Indian Grove",
                "Keytesville",
                "Musselfork",
                "Prairie Hill",
                "Salisbury",
                "Snyder",
                "Triplett"
            ],
            "Timezone": {
                "Name": "Central",
                "Zone": "US/Central",
                "UTC_Offset": "-06:00"
            }
        },
        {
            "County Name": "Christian",
            "Cities": [
                "Billings",
                "Browns Spring",
                "Bruner",
                "Chadwick",
                "Chestnutridge",
                "Clever",
                "Elkhead",
                "Finley",
                "Garrison",
                "Highlandville",
                "Nixa",
                "Oldfield",
                "Ozark",
                "Sparta",
                "Spokane",
                "Springfield",
                "Union City"
            ],
            "Timezone": {
                "Name": "Central",
                "Zone": "US/Central",
                "UTC_Offset": "-06:00"
            }
        },
        {
            "County Name": "Cole",
            "Cities": [
                "Brazito",
                "Elston",
                "Jefferson City",
                "Saint Martins"
            ],
            "Timezone": {
                "Name": "Central",
                "Zone": "US/Central",
                "UTC_Offset": "-06:00"
            }
        },
        {
            "County Name": "Cooper",
            "Cities": [
                "Billingsville",
                "Blackwater",
                "Boonville",
                "Bunceton",
                "Clarks Fork",
                "Cotton",
                "Gooch Mill",
                "Lamine",
                "Lone Elm",
                "Otterville",
                "Overton",
                "Pilot Grove",
                "Pisgah",
                "Speed",
                "Wooldridge"
            ],
            "Timezone": {
                "Name": "Central",
                "Zone": "US/Central",
                "UTC_Offset": "-06:00"
            }
        },
        {
            "County Name": "Crawford",
            "Cities": [
                "Berryman",
                "Bourbon",
                "Cherryville",
                "Cook Station",
                "Courtois",
                "Cuba",
                "Davisville",
                "Leasburg",
                "Steelville",
                "Wesco"
            ],
            "Timezone": {
                "Name": "Central",
                "Zone": "US/Central",
                "UTC_Offset": "-06:00"
            }
        },
        {
            "County Name": "Dade",
            "Cities": [
                "Arcola",
                "Dadeville",
                "Everton",
                "Greenfield",
                "Lockwood",
                "South Greenfield"
            ],
            "Timezone": {
                "Name": "Central",
                "Zone": "US/Central",
                "UTC_Offset": "-06:00"
            }
        },
        {
            "County Name": "Dallas",
            "Cities": [
                "Buffalo",
                "Cedar Ridge",
                "Elkland",
                "Long Lane",
                "Louisburg",
                "Tunas",
                "Urbana",
                "Windyville"
            ],
            "Timezone": {
                "Name": "Central",
                "Zone": "US/Central",
                "UTC_Offset": "-06:00"
            }
        },
        {
            "County Name": "Dent",
            "Cities": [
                "Anutt",
                "Boss",
                "Doss",
                "Gladden",
                "Jadwin",
                "Lake Spring",
                "Lecoma",
                "Lenox",
                "Maples",
                "Salem",
                "Shannondale",
                "Sligo",
                "Timber"
            ],
            "Timezone": {
                "Name": "Central",
                "Zone": "US/Central",
                "UTC_Offset": "-06:00"
            }
        },
        {
            "County Name": "Douglas",
            "Cities": [
                "Ava",
                "Drury",
                "Mc Clurg",
                "Squires",
                "Vanzant"
            ],
            "Timezone": {
                "Name": "Central",
                "Zone": "US/Central",
                "UTC_Offset": "-06:00"
            }
        },
        {
            "County Name": "Greene",
            "Cities": [
                "Ash Grove",
                "Battlefield",
                "Bois D Arc",
                "Brookline Station",
                "Fair Grove",
                "Pleasant Hope",
                "Republic",
                "Springfield",
                "Strafford",
                "Turners",
                "Walnut Grove",
                "Willard"
            ],
            "Timezone": {
                "Name": "Central",
                "Zone": "US/Central",
                "UTC_Offset": "-06:00"
            }
        },
        {
            "County Name": "Henry",
            "Cities": [
                "Calhoun",
                "Lewis Station",
                "Windsor"
            ],
            "Timezone": {
                "Name": "Central",
                "Zone": "US/Central",
                "UTC_Offset": "-06:00"
            }
        },
        {
            "County Name": "Hickory",
            "Cities": [
                "Cross Timbers",
                "Galmey",
                "Hermitage",
                "Pittsburg",
                "Preston",
                "Quincy",
                "Weaubleau",
                "Wheatland"
            ],
            "Timezone": {
                "Name": "Central",
                "Zone": "US/Central",
                "UTC_Offset": "-06:00"
            }
        },
        {
            "County Name": "Howard",
            "Cities": [
                "Armstrong",
                "Boonesboro",
                "Estill",
                "Fayette",
                "Franklin",
                "Glasgow",
                "New Franklin",
                "Petersburg",
                "Roanoke"
            ],
            "Timezone": {
                "Name": "Central",
                "Zone": "US/Central",
                "UTC_Offset": "-06:00"
            }
        },
        {
            "County Name": "Howell",
            "Cities": [
                "Brandsville",
                "Cabool",
                "Caulfield",
                "Lanton",
                "Moody",
                "Mountain View",
                "Peace Valley",
                "Pomona",
                "Pottersville",
                "South Fork",
                "West Plains",
                "Willow Springs"
            ],
            "Timezone": {
                "Name": "Central",
                "Zone": "US/Central",
                "UTC_Offset": "-06:00"
            }
        },
        {
            "County Name": "Iron",
            "Cities": [
                "Bixby",
                "Steelville",
                "Viburnum"
            ],
            "Timezone": {
                "Name": "Central",
                "Zone": "US/Central",
                "UTC_Offset": "-06:00"
            }
        },
        {
            "County Name": "Johnson",
            "Cities": [
                "Knob Noster",
                "Montserrat",
                "Valley City",
                "Whiteman Air Force Base"
            ],
            "Timezone": {
                "Name": "Central",
                "Zone": "US/Central",
                "UTC_Offset": "-06:00"
            }
        },
        {
            "County Name": "Laclede",
            "Cities": [
                "Conway",
                "Eldridge",
                "Lebanon",
                "Lynchburg",
                "Phillipsburg",
                "Stoutland"
            ],
            "Timezone": {
                "Name": "Central",
                "Zone": "US/Central",
                "UTC_Offset": "-06:00"
            }
        },
        {
            "County Name": "Lafayette",
            "Cities": [
                "Emma"
            ],
            "Timezone": {
                "Name": "Central",
                "Zone": "US/Central",
                "UTC_Offset": "-06:00"
            }
        },
        {
            "County Name": "Lawrence",
            "Cities": [
                "Aurora",
                "Berwick",
                "Capps Creek",
                "Freistatt",
                "Grays Point",
                "Halltown",
                "Hoberg",
                "Jenkins",
                "Marionville",
                "Miller",
                "Mount Vernon",
                "Pierce City",
                "Stotts City",
                "Verona",
                "Vineyard"
            ],
            "Timezone": {
                "Name": "Central",
                "Zone": "US/Central",
                "UTC_Offset": "-06:00"
            }
        },
        {
            "County Name": "Macon",
            "Cities": [
                "Ardmore",
                "College Mound",
                "Excello",
                "Woodville"
            ],
            "Timezone": {
                "Name": "Central",
                "Zone": "US/Central",
                "UTC_Offset": "-06:00"
            }
        },
        {
            "County Name": "Maries",
            "Cities": [
                "Brinktown",
                "Vichy",
                "Vienna"
            ],
            "Timezone": {
                "Name": "Central",
                "Zone": "US/Central",
                "UTC_Offset": "-06:00"
            }
        },
        {
            "County Name": "McDonald",
            "Cities": [
                "Powell"
            ],
            "Timezone": {
                "Name": "Central",
                "Zone": "US/Central",
                "UTC_Offset": "-06:00"
            }
        },
        {
            "County Name": "Miller",
            "Cities": [
                "Iberia"
            ],
            "Timezone": {
                "Name": "Central",
                "Zone": "US/Central",
                "UTC_Offset": "-06:00"
            }
        },
        {
            "County Name": "Monroe",
            "Cities": [
                "Ash",
                "Florida",
                "Goss",
                "Granville",
                "Holliday",
                "Madison",
                "Middle Grove",
                "Paris",
                "Santa Fe",
                "Stoutsville",
                "Strother",
                "Woodlawn"
            ],
            "Timezone": {
                "Name": "Central",
                "Zone": "US/Central",
                "UTC_Offset": "-06:00"
            }
        },
        {
            "County Name": "Morgan",
            "Cities": [
                "Florence",
                "Syracuse"
            ],
            "Timezone": {
                "Name": "Central",
                "Zone": "US/Central",
                "UTC_Offset": "-06:00"
            }
        },
        {
            "County Name": "Oregon",
            "Cities": [
                "Alton",
                "Couch",
                "Koshkonong",
                "Myrtle",
                "Riverton",
                "Thayer"
            ],
            "Timezone": {
                "Name": "Central",
                "Zone": "US/Central",
                "UTC_Offset": "-06:00"
            }
        },
        {
            "County Name": "Osage",
            "Cities": [
                "Westphalia"
            ],
            "Timezone": {
                "Name": "Central",
                "Zone": "US/Central",
                "UTC_Offset": "-06:00"
            }
        },
        {
            "County Name": "Ozark",
            "Cities": [
                "Bakersfield",
                "Brixey",
                "Dora",
                "Dugginsville",
                "Gainesville",
                "Hardenville",
                "Isabella",
                "Longrun",
                "Noble",
                "Nottinghill",
                "Ocie",
                "Pontiac",
                "Rockbridge",
                "Souder",
                "Sycamore",
                "Tecumseh",
                "Theodosia",
                "Thornfield",
                "Udall",
                "Wasola",
                "Zanoni"
            ],
            "Timezone": {
                "Name": "Central",
                "Zone": "US/Central",
                "UTC_Offset": "-06:00"
            }
        },
        {
            "County Name": "Pettis",
            "Cities": [
                "Bahner",
                "Beaman",
                "Dresden",
                "Georgetown",
                "Green Ridge",
                "Houstonia",
                "Hughesville",
                "La Monte",
                "Longwood",
                "Mora",
                "Sedalia",
                "Smithton",
                "Springfork"
            ],
            "Timezone": {
                "Name": "Central",
                "Zone": "US/Central",
                "UTC_Offset": "-06:00"
            }
        },
        {
            "County Name": "Phelps",
            "Cities": [
                "Beulah",
                "Big Piney",
                "Duke",
                "Edgar Springs",
                "High Gate",
                "Jerome",
                "Newburg",
                "Rolla",
                "Rosati",
                "Safe",
                "Saint James"
            ],
            "Timezone": {
                "Name": "Central",
                "Zone": "US/Central",
                "UTC_Offset": "-06:00"
            }
        },
        {
            "County Name": "Polk",
            "Cities": [
                "Aldrich",
                "Bolivar",
                "Brighton",
                "Dunnegan",
                "Eudora",
                "Fair Play",
                "Flemington",
                "Goodson",
                "Half Way",
                "Humansville",
                "Morrisville",
                "Polk",
                "Slagle"
            ],
            "Timezone": {
                "Name": "Central",
                "Zone": "US/Central",
                "UTC_Offset": "-06:00"
            }
        },
        {
            "County Name": "Pulaski",
            "Cities": [
                "Buckhorn",
                "Crocker",
                "Devils Elbow",
                "Dixon",
                "Fort Leonard Wood",
                "Hayden",
                "Laquey",
                "Richland",
                "Saint Robert",
                "Swedeborg",
                "Waynesville"
            ],
            "Timezone": {
                "Name": "Central",
                "Zone": "US/Central",
                "UTC_Offset": "-06:00"
            }
        },
        {
            "County Name": "Randolph",
            "Cities": [
                "Cairo",
                "Clark",
                "Clifton Hill",
                "Darksville",
                "Higbee",
                "Huntsville",
                "Jacksonville",
                "Moberly",
                "Renick",
                "Rucker",
                "Thomas Hill",
                "Urbandale",
                "Yates"
            ],
            "Timezone": {
                "Name": "Central",
                "Zone": "US/Central",
                "UTC_Offset": "-06:00"
            }
        },
        {
            "County Name": "Saline",
            "Cities": [
                "Arrow Rock",
                "Blackburn",
                "Cretcher",
                "Dunksburg",
                "Elmwood",
                "Gilliam",
                "Grand Pass",
                "Malta Bend",
                "Marshall",
                "Marshall Junction",
                "Miami",
                "Napton",
                "Nelson",
                "Saline City",
                "Salt Pond",
                "Sharon",
                "Slater",
                "Sweet Springs"
            ],
            "Timezone": {
                "Name": "Central",
                "Zone": "US/Central",
                "UTC_Offset": "-06:00"
            }
        },
        {
            "County Name": "Shannon",
            "Cities": [
                "Alley Springs",
                "Birch Tree",
                "Eminence",
                "Ink",
                "Montier",
                "Owls Bend",
                "Round Spring",
                "Teresita",
                "Thomasville",
                "West Eminence",
                "Winona"
            ],
            "Timezone": {
                "Name": "Central",
                "Zone": "US/Central",
                "UTC_Offset": "-06:00"
            }
        },
        {
            "County Name": "Stone",
            "Cities": [
                "Blue Eye",
                "Branson West",
                "Cape Fair",
                "Crane",
                "Galena",
                "Hurley",
                "Kimberling City",
                "Lakeview",
                "Lampe",
                "Ponce de Leon",
                "Reeds Spring"
            ],
            "Timezone": {
                "Name": "Central",
                "Zone": "US/Central",
                "UTC_Offset": "-06:00"
            }
        },
        {
            "County Name": "Taney",
            "Cities": [
                "Bradleyville",
                "Branson",
                "Bull Creek Village",
                "Cedarcreek",
                "Forsyth",
                "Gretna",
                "Hollister",
                "Kirbyville",
                "Kissee Mills",
                "Marvel Cave Park",
                "Merriam Woods Village",
                "Mildred",
                "Mincy",
                "Point Lookout",
                "Powersite",
                "Protem",
                "Ridgedale",
                "Rockaway Beach",
                "Rueter",
                "Silver Dollar City",
                "Taneyville",
                "Walnut Shade"
            ],
            "Timezone": {
                "Name": "Central",
                "Zone": "US/Central",
                "UTC_Offset": "-06:00"
            }
        },
        {
            "County Name": "Texas",
            "Cities": [
                "Bendavis",
                "Bucyrus",
                "Clara",
                "Elk Creek",
                "Ellis Prairie",
                "Eunice",
                "Evening Shade",
                "Grogan",
                "Hartshorn",
                "Houston",
                "Huggins",
                "Licking",
                "Palace",
                "Plato",
                "Raymondville",
                "Roby",
                "Simmons",
                "Solo",
                "Success",
                "Summersville",
                "Tyrone",
                "Yukon"
            ],
            "Timezone": {
                "Name": "Central",
                "Zone": "US/Central",
                "UTC_Offset": "-06:00"
            }
        },
        {
            "County Name": "Webster",
            "Cities": [
                "Cedar Gap",
                "Diggins",
                "Fordland",
                "Linden",
                "Marshfield",
                "Niangua",
                "Rogersville",
                "Seymour",
                "Springfield"
            ],
            "Timezone": {
                "Name": "Central",
                "Zone": "US/Central",
                "UTC_Offset": "-06:00"
            }
        },
        {
            "County Name": "Wright",
            "Cities": [
                "Falcon",
                "Graff",
                "Grovespring",
                "Hartville",
                "Macomb",
                "Manes",
                "Mansfield",
                "Mountain Grove",
                "Nebo",
                "Norwood"
            ],
            "Timezone": {
                "Name": "Central",
                "Zone": "US/Central",
                "UTC_Offset": "-06:00"
            }
        }
    ],
    "website": "https://www.mydripnurse.com",
    "ownerName": "Keishla",
    "ownerLastName": "Caraballo",
    "phone": "9392749203",
    "email": "keyla03@live.com",
    "twilio": {
        "sid": "secret",
        "authToken": "secret"
    },
    "mailgun": {
        "apiKey": "secret",
        "domain": "secret"
    },
    "customValues": {
        "businessInformation": {
            "favicon": "https://storage.googleapis.com/msgsndr/vMfl1L5xb2wJfNFNW5fb/media/656c2a9fe33f7c575831e093.png",
            "businessPhone": ""
        },
        "ivTherapyPrice": {
            "myersCocktailPrice": "299",
            "alleviatePrice": "219",
            "brainStormPrice": "199",
            "getLeanPrice": "179",
            "immunityDefensePrice": "279",
            "immunityDefenseAndGlutathionePrice": "299",
            "hangoverPrice": "219",
            "hydratePrice": "219",
            "nadPrice": "599",
            "nadBoostPrice": "797",
            "recoveryPerformancePrice": "219",
            "theGlowPrice": "199"
        },
        "vitaminPrice": {
            "vitaminD3": "100",
            "bComplex": "70",
            "biotin": "75",
            "vitaminC": "70",
            "aminoBlend": "80",
            "glutathione": "90",
            "lipoMino": "120",
            "triImmuneBoost": "120",
            "vitaminB12": "70",
            "ondansetron": "70"
        },
        "facebook": {
            "accessToken": "secret",
            "facebookPixel": "secret",
            "instagramUrl": "https://www.instagram.com/mydripnurse/",
            "facebookUrl": "https://www.facebook.com/MyDripNurse"
        }
    },
    "businessInformation": {
        "snapshotId": "secret",
        "companyId": "secret"
    }
}